GID_4,NAME_4,NAME_3,NAME_2,label,label_src,prob_informal,prob_formal,pred_label,confidence,risk_tier,prob_inf_base,pred_base,model_agrees,ndvi_mean,savi_mean,ndbi_mean,lst_mean,slope_mean,pop_mean,pop_std,built_fraction,s2_ndbi_mean,s2_mndwi_mean,osm_building_density,osm_mean_building_area
BGD.3.1.12.5_1,Muksudpur,Dohar,Dhaka,1,rule:formal,0.10701564512414481,0.8929843548758551,Formal,0.3929843548758552,Formal / planned,0.03878641,Formal,True,0.340329648503397,0.20000056197811472,-0.340329648503397,25.864224132723688,1.4823329915258618,487.249663224457,480.53908669780424,0.017274542586254788,-0.122543776798976,0.0719103159885965,2.445038775762858,64.48734948002797
BGD.3.1.12.6_1,Narisha,Dohar,Dhaka,1,rule:formal,0.09385801538235343,0.9061419846176466,Formal,0.40614198461764656,Formal / planned,0.054823577,Formal,True,0.3710593895125869,0.20786284355886211,-0.3710593895125869,26.324028162163643,1.6631546328872358,487.249663224457,411.37054408550154,0.02084309636922548,-0.0942423621171034,0.0246250440856029,0.0,0.0
BGD.3.1.12.4_1,Mahmudpur,Dohar,Dhaka,1,rule:formal,0.10708877972411569,0.8929112202758843,Formal,0.3929112202758843,Formal / planned,0.28469962,Formal,True,-0.05262748833691066,-0.0010852471366097072,0.05262748833691066,25.097976021861214,1.3832524290648227,487.249663224457,493.99533139159496,5.5617471586958984e-05,-0.1202768538189456,0.1054842053382116,0.0,0.0
BGD.3.1.29.6_1,Churain,Nawabganj,Dhaka,1,rule:formal,0.12088284688017113,0.8791171531198289,Formal,0.37911715311982885,Formal / planned,0.03536862,Formal,True,0.5806664385955438,0.3299041493460293,-0.5806664385955438,26.930458453240707,1.8008737081164206,487.249663224457,484.47214186616407,0.007486539165241548,-0.0834515129076848,0.0133067965697788,89.81548824818377,75.02010044374582
BGD.3.1.12.1_1,Bilaspur,Dohar,Dhaka,1,rule:formal,0.06079899939793314,0.9392010006020669,Formal,0.43920100060206685,Formal / planned,0.06929284,Formal,True,0.3745674889986834,0.2176682995504821,-0.3745674889986834,27.299399837654605,2.082947241656414,487.249663224457,303.06704584334466,0.009155661889459652,-0.1027592333493163,0.0209559033538964,0.0,0.0
BGD.3.1.12.9_1,Sutar Para,Dohar,Dhaka,1,rule:formal,0.060936440910719626,0.9390635590892804,Formal,0.43906355908928035,Formal / planned,0.025236845,Formal,True,0.49955341400392955,0.2761438201564723,-0.49955341400392955,27.269946445642717,2.0046566633698943,3.919033247053289,141.36811243528703,0.013852713723991593,-0.1091258235123211,0.0105782875584189,0.0,0.0
BGD.3.1.12.2_1,Dohar Paurashava,Dohar,Dhaka,1,rule:formal,0.05803796036433756,0.9419620396356625,Formal,0.44196203963566244,Formal / planned,0.0032655597,Formal,True,0.495072943058784,0.26867287462073963,-0.495072943058784,27.536292811950915,2.227847975150434,27.75752045942946,90.99066874618475,0.054552387512607936,-0.1045764152461836,0.0070086708531526,0.0,0.0
BGD.3.1.29.7_1,Galimpur,Nawabganj,Dhaka,1,rule:formal,0.12435430902188477,0.8756456909781152,Formal,0.37564569097811523,Formal / planned,0.034108102,Formal,True,0.5465241910300751,0.2951680507299449,-0.5465241910300751,26.993232395935202,2.012111951461679,487.249663224457,441.62757813054736,0.008361525289228585,-0.0951249182085311,0.0123694798660963,48.33173813816504,117.94183227647272
BGD.3.1.12.3_1,Kushumhati,Dohar,Dhaka,1,rule:formal,0.061526301694461646,0.9384736983055384,Formal,0.43847369830553834,Formal / planned,0.004542947,Formal,True,0.445946166648998,0.25781132712617644,-0.445946166648998,27.45582526465372,2.231104260004788,487.249663224457,236.60743004221976,0.0066161824451795755,-0.1049396352002483,0.0039348891270906,0.0,0.0
BGD.3.1.12.8_1,Roypara,Dohar,Dhaka,1,rule:formal,0.08103247157685885,0.9189675284231411,Formal,0.41896752842314117,Formal / planned,0.0029953122,Formal,True,0.5521047358052439,0.3040630712291674,-0.5521047358052439,27.39706109615583,2.553826329594631,31.29744195771384,10.143535290713382,0.013317087401966674,-0.1160939053102311,0.0037111824219506,0.0,0.0
BGD.3.1.29.2_1,Bakshanagar,Nawabganj,Dhaka,1,rule:formal,0.10702972889493284,0.8929702711050671,Formal,0.39297027110506716,Formal / planned,0.0066206455,Formal,True,0.5285087263057755,0.2872907227882633,-0.5285087263057755,27.351564282494593,2.1748477991426514,487.249663224457,227.2641300837703,0.02696928782622071,-0.0992962456395037,0.0130543181911385,2.4771099863422656,148.8755393033538
BGD.3.1.29.1_1,Agla,Nawabganj,Dhaka,1,rule:formal,0.09899979200920539,0.9010002079907946,Formal,0.4010002079907946,Formal / planned,0.026178539,Formal,True,0.5525687516982684,0.2970856140785301,-0.5525687516982684,27.1963295758257,1.8128362523177752,14.558274626145277,35.61849225019344,0.004687172824061894,-0.0823045273147445,0.0043601428251618,75.26228922438645,105.52323772204032
BGD.3.1.29.11_1,Kalakopa,Nawabganj,Dhaka,1,rule:formal,0.06438981115828656,0.9356101888417134,Formal,0.43561018884171343,Formal / planned,0.0045009255,Formal,True,0.5092185737194762,0.2790484356575343,-0.5092185737194762,27.506826143169267,2.2494136807456093,487.249663224457,204.0546186654679,0.047695977584531306,-0.1117525118447065,0.0133759348403736,0.0,0.0
BGD.3.1.12.7_1,Nayabari,Dohar,Dhaka,1,rule:formal,0.10702521245721684,0.8929747875427831,Formal,0.39297478754278314,Formal / planned,0.27530926,Formal,True,0.11809013891530241,0.08938449347148522,-0.11809013891530241,25.49940605085961,1.8712051274970032,487.249663224457,464.880437969954,0.005023112296459304,-0.0897590004836567,-0.0477510058587313,0.0,0.0
BGD.3.1.29.3_1,Bandura,Nawabganj,Dhaka,1,rule:formal,0.06721993467080342,0.9327800653291966,Formal,0.43278006532919655,Formal / planned,0.0045009255,Formal,True,0.5123163967506467,0.27886505849537696,-0.5123163967506467,27.55510749127105,2.4097966667314394,487.249663224457,225.3560456073949,0.015817744026671608,-0.1166507495904235,0.0029462939913624,0.0,0.0
BGD.3.1.29.4_1,Barrah,Nawabganj,Dhaka,1,rule:formal,0.08197547022322146,0.9180245297767785,Formal,0.4180245297767785,Formal / planned,0.032863736,Formal,True,0.5490439207407466,0.31405939520963017,-0.5490439207407466,27.74874784912581,2.0398654511719783,16.56716473230393,50.61146987793712,0.006052077297351986,-0.0876374106837462,0.0019761328266041,13.392526127634126,104.87378698969133
BGD.3.1.29.5_1,Baruakhali,Nawabganj,Dhaka,1,rule:formal,0.06992692797051946,0.9300730720294805,Formal,0.43007307202948053,Formal / planned,0.0043052435,Formal,True,0.5304604652515078,0.30645510031200607,-0.5304604652515078,27.92362825037871,2.190920310032259,487.249663224457,140.77968087956035,0.004246042488921819,-0.1143859704027345,-0.0098094972329671,0.0,0.0
BGD.3.1.29.8_1,Jantrail,Nawabganj,Dhaka,1,rule:formal,0.0707407715048531,0.9292592284951469,Formal,0.4292592284951469,Formal / planned,0.006415069,Formal,True,0.5328688430358606,0.29717461598995143,-0.5328688430358606,27.617614257183913,2.157099896860079,487.249663224457,171.9460383110105,0.003902305795110324,-0.1121432825512826,-0.0017567612779968,0.0,0.0
BGD.3.1.29.10_1,Kailail,Nawabganj,Dhaka,1,rule:formal,0.08603035010513439,0.9139696498948656,Formal,0.4139696498948656,Formal / planned,0.027121723,Formal,True,0.5593965196654256,0.33389094890480014,-0.5593965196654256,28.25789713435491,1.7285507542855099,487.249663224457,138.58024745992049,0.007260761849269746,-0.0817681734917538,-0.0001218152447657,8.17117944897909,49.84006929467986
BGD.3.1.29.9_1,Joykrishnapur,Nawabganj,Dhaka,1,rule:formal,0.05699295176669498,0.9430070482333051,Formal,0.443007048233305,Formal / planned,0.004401684,Formal,True,0.4517519906223773,0.26576411882592255,-0.4517519906223773,27.855724206917735,2.220292342106242,487.249663224457,194.42424938133416,0.0044811583261954195,-0.1278921852237613,-0.0021409989542492,0.0,0.0
BGD.3.1.21.2_1,Basta,Keraniganj,Dhaka,1,rule:formal,0.047970890535296795,0.9520291094647032,Formal,0.4520291094647032,Formal / planned,0.029927611,Formal,True,0.4769778636155858,0.27612106526077246,-0.4769778636155858,29.602190871022668,1.8062246063621208,487.249663224457,184.9907756578561,0.06309076220894362,-0.0663581983457251,0.0148308850951555,428.1813878084137,48.5916187824548
BGD.3.1.21.7_1,Ruhitpur,Keraniganj,Dhaka,1,rule:formal,0.061325133440140955,0.938674866559859,Formal,0.43867486655985904,Formal / planned,0.030420482,Formal,True,0.5018056772442328,0.28687026057416487,-0.5018056772442328,28.462528902366497,1.7720839776931023,487.249663224457,259.68404668750486,0.04733592800445804,-0.0675565592470971,0.0028863280804833,591.6415778202681,51.202007037078566
BGD.3.1.21.5_1,Kalindi,Keraniganj,Dhaka,1,rule:formal,0.13932966606167732,0.8606703339383227,Formal,0.3606703339383227,Formal / planned,0.15509129,Formal,True,0.324872643343059,0.1818413332615389,-0.324872643343059,30.091418555514466,1.9467226371494444,487.249663224457,331.4675799926083,0.34728435226605214,-0.0482545126636169,0.0050398404010232,1319.2209531604276,89.040891789036
BGD.3.1.21.4_1,Kalatia,Keraniganj,Dhaka,1,rule:formal,0.06335532563844018,0.9366446743615598,Formal,0.43664467436155985,Formal / planned,0.026187718,Formal,True,0.5528103711507828,0.31831323799900085,-0.5528103711507828,28.390795439634196,1.8664804425301347,487.249663224457,240.3164218465537,0.02182852878831985,-0.0845731713457155,0.0044650356548798,602.0699964913397,49.2997263164985
BGD.3.1.21.8_1,Sakta,Keraniganj,Dhaka,1,rule:formal,0.056645818695070314,0.9433541813049297,Formal,0.4433541813049297,Formal / planned,0.027295113,Formal,True,0.44886452277701044,0.2582113486912314,-0.44886452277701044,29.319640074857723,1.8704317186236854,487.249663224457,254.80568750039765,0.19207335543112328,-0.0503575660226573,-0.0057630489638735,992.8588158675132,66.40660880647461
BGD.3.1.25.6_1,Ward No-91,Lalbagh,Dhaka,0,thana:informal_anchor,0.9046674297136316,0.09533257028636843,Informal,0.40466742971363157,High informal risk,0.9982025,Informal,True,0.19900091559641994,0.0986493370342237,-0.19900091559641994,31.596492101947025,1.8618685512067257,535.6381064492303,397.84747334895604,0.983362578800286,-0.0505187840652411,0.0127056183889173,6180.344740333795,67.47566919315852
BGD.3.1.15.3_1,Ward No-58,Hazaribagh,Dhaka,0,thana:informal_anchor,0.7232746209008855,0.27672537909911454,Informal,0.22327462090088546,Moderate informal risk,0.9465489,Informal,True,0.22010700265422795,0.11571487116460666,-0.22010700265422795,32.071739300250144,2.472518151886455,123.21151455588962,605.1883003383347,0.8624574829931972,-0.0410852695146522,0.0019820409008569,2698.029607380155,106.99960402441764
BGD.3.1.15.2_1,Ward No-48 (Part),Hazaribagh,Dhaka,0,thana:informal_anchor,0.8334792267386423,0.16652077326135772,Informal,0.3334792267386423,High informal risk,0.9694816,Informal,True,0.22789970834465587,0.120631156602577,-0.22789970834465587,31.766110773166687,2.4749942533562255,487.249663224457,771.5081674322781,0.7917333807744766,-0.0325291895111878,0.0041795986768372,3025.8672815360223,110.08843435179324
BGD.3.1.21.3_1,Hazratpur,Keraniganj,Dhaka,1,rule:formal,0.05905285089464011,0.9409471491053599,Formal,0.44094714910535987,Formal / planned,0.026755989,Formal,True,0.5304783469738656,0.30957876028162445,-0.5304783469738656,28.190278783660624,1.9756580071490497,487.249663224457,260.608086636849,0.029686310794072437,-0.0980983788099546,0.0224716164842872,431.6747782438919,61.02440704175587
BGD.3.1.21.10_1,Taranagar,Keraniganj,Dhaka,1,rule:formal,0.04941565349957876,0.9505843465004212,Formal,0.45058434650042123,Formal / planned,0.023844719,Formal,True,0.49025283556964966,0.2907267803910926,-0.49025283556964966,29.02315405193789,1.883569293999408,487.249663224457,127.18390008088578,0.0627122997133436,-0.0944939922332465,-0.0016627792158879,785.316204765429,55.61390856926255
BGD.3.1.19.1_1,Ward No-50,Kalabagan,Dhaka,-1,unlabeled,0.5636795836114988,0.43632041638850116,Informal,0.06367958361149884,Moderate informal risk,0.96195287,Informal,True,0.15787215549927539,0.07650776207923432,-0.15787215549927539,30.006683864252036,2.793076146907688,672.1178955078125,118.52875423037337,0.9970904207699194,-0.0338764457685036,0.0132745529217466,2877.89698100292,167.46527608400604
BGD.3.1.19.2_1,Ward No-51 (Part),Kalabagan,Dhaka,-1,unlabeled,0.22420020980936947,0.7757997901906305,Formal,0.2757997901906305,Formal / planned,0.89840144,Informal,False,0.1971070175045322,0.0909192766109896,-0.1971070175045322,29.892371967213798,2.661931531097012,503.5899354958836,147.6690356080909,0.9883071326490841,-0.0399548953200017,0.0127515486049924,2045.2239329673137,216.2673809952068
BGD.3.1.11.3_1,Ward No-49,Dhanmondi,Dhaka,1,thana:formal_anchor,0.19794497888488266,0.8020550211151174,Formal,0.30205502111511734,Formal / planned,0.4344139,Formal,True,0.2531334429385517,0.11889177019075806,-0.2531334429385517,29.537265217980522,2.6054331092875613,749.9674151449492,279.5244997508602,0.8383048448962872,-0.0400554646859118,0.0177723491750611,1142.5401997557765,316.3763479774525
BGD.3.1.27.6_1,Ward No-51(part),Mohammadpur,Dhaka,0,thana:informal_anchor,0.32306312995008746,0.6769368700499125,Formal,0.17693687004991254,Low informal risk,0.9186522,Informal,False,0.25292403371346117,0.1146137107803364,-0.25292403371346117,29.79324294966881,2.640229846682274,585.6823655614313,137.17553921303804,0.8607322325915291,-0.0351008049356164,0.0146130363702091,2066.5943230716102,178.4058508452881
BGD.3.1.43.2_1,Ward No-39,Tejgaon,Dhaka,1,thana:formal_anchor,0.08884993729086689,0.9111500627091331,Formal,0.4111500627091331,Formal / planned,0.8181529,Informal,False,0.20971284036170676,0.102168330686778,-0.20971284036170676,30.175071333638332,3.1137122534962773,487.249663224457,108.76603360904754,0.8773650048335865,-0.0391890614147532,0.012178429334865,1814.8762856809408,175.8510936062391
BGD.3.1.43.3_1,Ward No-40 (Part),Tejgaon,Dhaka,1,thana:formal_anchor,0.019966264447064463,0.9800337355529355,Formal,0.48003373555293555,Formal / planned,0.7042886,Informal,False,0.24170522095166969,0.11730368528708722,-0.24170522095166969,29.90910794184758,2.82388493963858,263.7435370551215,115.43171660186715,0.9038285400256457,-0.0519667455121563,0.0291236877915801,1462.391781553865,243.9743891280796
BGD.3.1.39.1_1,Ward No-40 (Part),Sher-e-bangla Nagar,Dhaka,1,rule:formal,0.011356945365695228,0.9886430546343048,Formal,0.4886430546343048,Formal / planned,0.009940028,Formal,True,0.35198211122551293,0.17571977405574818,-0.35198211122551293,29.808837475575604,3.07754990987772,332.3031119144324,199.2700155874111,0.4808057772709996,-0.0400804867992067,0.0135201995874428,672.1504429230515,270.82709007675777
BGD.3.1.42.3_1,Ward No-38 (Part),Tejgaon Ind. Area,Dhaka,1,thana:formal_anchor,0.590617814983494,0.40938218501650603,Informal,0.09061781498349397,Moderate informal risk,0.99455595,Informal,True,0.16629219681970656,0.08194394903405318,-0.16629219681970656,31.342945608512434,2.4016478922632007,564.6249418036882,52.03578615336652,0.9902439024390244,-0.0585284911355217,0.0350042498232002,3387.4748243324075,137.01137882381013
BGD.3.1.43.1_1,Ward No-38 (Part),Tejgaon,Dhaka,1,thana:formal_anchor,0.10698991548117846,0.8930100845188216,Formal,0.3930100845188215,Formal / planned,0.079402566,Formal,True,0.27117452126566277,0.13162509807533648,-0.27117452126566277,30.266997726734164,2.678327298973162,313.9529303454478,144.974542875935,0.8156838254973682,-0.0538826159568623,0.0288216066512422,1904.8583306101043,151.84477669975655
BGD.3.1.42.1_1,Ward No-20 (Part),Tejgaon Ind. Area,Dhaka,1,thana:formal_anchor,0.15079434674065897,0.849205653259341,Formal,0.34920565325934105,Formal / planned,0.9694039,Informal,False,0.1602578971002783,0.08252047768660954,-0.1602578971002783,31.527627182006835,3.768441515426113,403.860116141183,43.78970572056662,0.9836683417085427,-0.0592353907239261,0.0197835424435619,1771.7765249172364,179.2026579503767
BGD.3.1.11.1_1,Ward No-47 (Part),Dhanmondi,Dhaka,1,thana:formal_anchor,0.9551036347294621,0.044896365270537864,Informal,0.45510363472946214,High informal risk,0.99725896,Informal,True,0.19363371843549734,0.09454042594491814,-0.19363371843549734,30.467267846067745,1.9356868919509147,915.1408233642578,251.65988521354396,0.9579696830500689,-0.0330572100710716,0.0181131482578645,3341.951142132665,136.70642616152637
BGD.3.1.15.1_1,Ward No-46 (Part),Hazaribagh,Dhaka,0,thana:informal_anchor,0.7234016643716937,0.27659833562830627,Informal,0.22340166437169373,Moderate informal risk,0.9354545,Informal,True,0.25447944661286886,0.13435204584665728,-0.25447944661286886,29.805361297635013,2.152082634778584,487.249663224457,324.9573221171057,0.7578241430700448,-0.0325969800314868,0.0023370129724164,2102.8455493451684,113.57095883539658
BGD.3.1.27.5_1,Ward No-47(part),Mohammadpur,Dhaka,0,thana:informal_anchor,0.723238514544965,0.276761485455035,Informal,0.22323851454496502,Moderate informal risk,0.66419256,Informal,True,0.28506485061485687,0.1453541817436041,-0.28506485061485687,30.739026377023745,2.549125757938853,487.249663224457,865.3713085237322,0.6269828423438005,-0.0302527788444374,0.0069280132628121,2779.690920758353,107.89990025223466
BGD.3.1.27.4_1,Ward No-46,Mohammadpur,Dhaka,0,thana:informal_anchor,0.9374381555834015,0.06256184441659851,Informal,0.4374381555834015,High informal risk,0.9825968,Informal,True,0.22793636746240528,0.11924953800609986,-0.22793636746240528,30.04140505026231,1.9943832895531728,487.249663224457,740.2520893721451,0.7873897684820453,-0.0412613022855514,0.0194573395474376,2396.05620647025,131.00153844747945
BGD.3.1.27.2_1,Ward No-44,Mohammadpur,Dhaka,0,thana:informal_anchor,0.8683327232189856,0.13166727678101442,Informal,0.3683327232189856,High informal risk,0.98293173,Informal,True,0.2103012252660071,0.09756522868744663,-0.2103012252660071,30.171451318459432,2.404201970863342,1287.9122643103967,90.76783503965149,0.9544138929088278,-0.0453564237610317,0.0323689374862334,3685.7525107548017,124.97252781281868
BGD.3.1.27.3_1,Ward No-45,Mohammadpur,Dhaka,0,thana:informal_anchor,0.7234677680620646,0.2765322319379354,Informal,0.2234677680620646,Moderate informal risk,0.89815855,Informal,True,0.26992326244632825,0.12828887567981406,-0.26992326244632825,29.773082705328257,2.360849731605389,949.6884189381319,289.45781980689094,0.8366093366093366,-0.0439343654870113,0.0248551746768533,1275.314776435509,272.38362503177785
BGD.3.1.1.2_1,Ward No-46,Adabor,Dhaka,-1,unlabeled,0.9230459066019385,0.07695409339806147,Informal,0.4230459066019385,High informal risk,0.96608925,Informal,True,0.1749835478271856,0.08713765410605327,-0.1749835478271856,30.80934146023536,2.4232693869222173,272.71128657826205,1104.244846860188,0.9828871568959675,-0.0277139429129874,0.0217875217355091,3735.113638788951,118.16537806027598
BGD.3.1.36.4_1,Bhakurta,Savar,Dhaka,1,rule:formal,0.05370359449165515,0.9462964055083448,Formal,0.4462964055083449,Formal / planned,0.025451303,Formal,True,0.4946127229223718,0.29350067067252544,-0.4946127229223718,28.424337005113617,1.9888066976814904,487.249663224457,245.15906629607846,0.053726757384210684,-0.0873389351774763,0.0290351871151649,542.8560921882746,60.57805190876509
BGD.3.1.27.1_1,Ward No-42,Mohammadpur,Dhaka,0,thana:informal_anchor,0.9136754492569855,0.08632455074301448,Informal,0.4136754492569855,High informal risk,0.9890536,Informal,True,0.19560455576967947,0.09253348992240447,-0.19560455576967947,30.329316738954525,2.24837448416854,1351.0801124572754,141.13599125669617,0.9700731834814428,-0.0312089011984267,0.0204280801583398,3244.880991082432,144.81185307150702
BGD.3.1.1.1_1,Ward No-43,Adabor,Dhaka,0,rule:informal,0.9656355320558848,0.034364467944115185,Informal,0.4656355320558848,High informal risk,0.98861665,Informal,True,0.18283513417440775,0.088821539034753,-0.18283513417440775,30.871098715894835,2.592980513385134,979.3178654898585,771.0655388715412,0.9675972300857977,-0.0299402001090358,0.0278514985395733,3581.853310484029,129.03552032025985
BGD.3.1.36.1_1,Amin Bazar,Savar,Dhaka,1,rule:formal,0.10698190622191331,0.8930180937780867,Formal,0.3930180937780867,Formal / planned,0.16860795,Formal,True,0.2722805964422283,0.14740774506872117,-0.2722805964422283,29.155533972882875,2.100765918881274,487.249663224457,395.6502032879015,0.11740463386440167,-0.0695928483807173,0.0660496234688129,431.9770809375847,78.89006028796253
BGD.3.1.26.2_1,Ward No-11,Mirpur,Dhaka,-1,unlabeled,0.8039278363101243,0.19607216368987568,Informal,0.3039278363101243,High informal risk,0.97746044,Informal,True,0.25008926616426097,0.11543212320917008,-0.25008926616426097,30.28099480177227,2.34710432850814,663.769355158652,269.0778897764458,0.8636044607346175,-0.0379707414290071,0.0243595807808452,3106.3180359899384,129.16100274425287
BGD.3.1.8.1_1,Ward No-09,Darus Salam,Dhaka,-1,unlabeled,0.6490032872052556,0.3509967127947444,Informal,0.14900328720525557,Moderate informal risk,0.9680289,Informal,True,0.23227077573046578,0.1217419726737253,-0.23227077573046578,30.85479410276308,2.313682259943063,487.249663224457,616.9205717730479,0.6546393754612188,-0.0407122780635943,0.0210405979413013,1941.0879981597764,99.0524592211924
BGD.3.1.8.2_1,Ward No-10,Darus Salam,Dhaka,1,rule:formal,0.28485599272511736,0.7151440072748827,Formal,0.21514400727488264,Low informal risk,0.26157165,Formal,True,0.27732222664157646,0.1404255916533781,-0.27732222664157646,30.841111639677923,2.7812104295616042,177.85371798404807,718.6821391862587,0.6762973472634249,-0.0471812418932006,0.0211976231511618,2369.724350603631,115.62213181398168
BGD.3.1.26.3_1,Ward No-12,Mirpur,Dhaka,0,rule:informal,0.857307471763575,0.14269252823642498,Informal,0.357307471763575,High informal risk,0.9812368,Informal,True,0.2307891558924489,0.11075659629525986,-0.2307891558924489,30.09889946708871,2.398651094686862,859.514664904906,242.34498324048423,0.9047080238106951,-0.0326583047718909,0.0145621091841489,2887.869913862635,147.32453341109863
BGD.3.1.26.4_1,Ward No-13,Mirpur,Dhaka,0,rule:informal,0.9590473844710461,0.040952615528953906,Informal,0.4590473844710461,High informal risk,0.99609405,Informal,True,0.20339491770894333,0.09604533107751512,-0.20339491770894333,30.245707918134816,1.9544416300801408,859.027074656767,220.59318024727864,0.9835695999388636,-0.0297628057716255,0.0136149678490586,3256.57830360434,135.391948867712
BGD.3.1.36.12_1,Tetuljhora,Savar,Dhaka,1,rule:formal,0.05142240639595578,0.9485775936040443,Formal,0.4485775936040442,Formal / planned,0.0069572926,Formal,True,0.4315012754835027,0.2519999720462509,-0.4315012754835027,29.47306899877649,2.1987212544537327,487.249663224457,372.2850677967241,0.3424516505666242,-0.0779138656451852,0.0061489019411661,1010.0501061787828,126.64660027722589
BGD.3.1.26.1_1,Ward No-07 (Part),Mirpur,Dhaka,-1,unlabeled,0.8357098063269304,0.16429019367306963,Informal,0.33570980632693037,High informal risk,0.97557163,Informal,True,0.25163481058938414,0.12273014260056705,-0.25163481058938414,30.141636487860797,2.2606892326021666,649.369029296875,129.88134854289646,0.9091056515040947,-0.0313681263236196,-0.001238792033404,2871.58403911385,151.27846566991653
BGD.3.1.36.7_1,Kaundia,Savar,Dhaka,1,rule:formal,0.0880753789632142,0.9119246210367858,Formal,0.4119246210367858,Formal / planned,0.04881835,Formal,True,0.4609337989067363,0.2619821185827678,-0.4609337989067363,27.84881430838306,1.9491983910560675,487.249663224457,370.34887444670966,0.09067246231864545,-0.0746731797727161,0.0556682674946078,430.1961538794927,74.95337385885898
BGD.3.1.37.1_1,Ward No-08,Shah Ali,Dhaka,1,rule:formal,0.04700905290135152,0.9529909470986485,Formal,0.4529909470986485,Formal / planned,0.0068863034,Formal,True,0.3572473211373602,0.1810178840027324,-0.3572473211373602,28.825583921160018,3.5248178855990857,487.249663224457,549.860650265327,0.4387485311398355,-0.0616626323378114,-0.000571160830431,1664.83080062022,109.76946252758944
BGD.3.1.39.2_1,Ward No-41,Sher-e-bangla Nagar,Dhaka,-1,unlabeled,0.7762909655720668,0.22370903442793322,Informal,0.2762909655720668,High informal risk,0.96872616,Informal,True,0.22586817029100584,0.11268502995820649,-0.22586817029100584,30.16572508869401,2.321983359461306,605.2209908270066,216.6555670061692,0.8821907640103918,-0.0266757460792108,0.0130882205607981,1672.1645989593435,162.6007535280054
BGD.3.1.18.4_1,Ward No-16,Kafrul,Dhaka,1,rule:formal,0.03130122461251482,0.9686987753874852,Formal,0.46869877538748517,Formal / planned,0.54634273,Informal,False,0.25772602788560606,0.13859506760361529,-0.25772602788560606,30.786565537910302,3.2575802027085135,409.16161031274464,318.1656209919314,0.5758922172853662,-0.0419082609569845,0.0176878009788795,1297.8745043384347,144.12740409382977
BGD.3.1.26.5_1,Ward No-14 (part),Mirpur,Dhaka,0,rule:informal,0.9535475568619755,0.046452443138024546,Informal,0.45354755686197545,High informal risk,0.99623805,Informal,True,0.18985230271680725,0.09092006805998958,-0.18985230271680725,30.31384094795882,1.994021019332834,904.6934897104899,133.27253997008816,0.9971434401142624,-0.0165158332103593,0.0062277447119332,3288.8641000876646,143.54321214245962
BGD.3.1.18.2_1,Ward No-14 (part),Kafrul,Dhaka,0,rule:informal,0.9476998288449429,0.05230017115505714,Informal,0.44769982884494286,High informal risk,0.99692875,Informal,True,0.19895286982156293,0.09499968253106637,-0.19895286982156293,30.386086630566968,1.8238682931965324,919.8680627893518,144.06336626105383,0.9913942724905987,-0.0372577699085765,0.0199526323970125,3441.172805781061,137.8258875116923
BGD.3.1.18.3_1,Ward No-15 (part),Kafrul,Dhaka,1,rule:formal,0.107022810433823,0.892977189566177,Formal,0.392977189566177,Formal / planned,0.18126118,Formal,True,0.295482546966837,0.15023683208667815,-0.295482546966837,30.506436557621342,2.6098942041811277,242.26888323797695,557.6113672811049,0.6690903906472768,-0.0365608275160023,0.0005779883054183,2027.8521231441275,108.57846534979456
BGD.3.1.18.1_1,Ward No-04,Kafrul,Dhaka,-1,unlabeled,0.4012937403961515,0.5987062596038485,Formal,0.09870625960384849,Low informal risk,0.8136277,Informal,False,0.24912775765470643,0.12672305843955622,-0.24912775765470643,30.372016284200882,2.9683691907291885,185.8509539481921,764.5610752156443,0.8217741114166413,-0.035420482182768,0.004625570840567,2322.5003414760126,133.9639288961978
BGD.3.1.31.2_1,Ward No-03,Pallabi,Dhaka,-1,unlabeled,0.8933234438568851,0.10667655614311489,Informal,0.3933234438568851,High informal risk,0.9948908,Informal,True,0.20277086022436183,0.09751024791772986,-0.20277086022436183,30.954623666001762,2.3579497097326176,785.6470108652503,134.90443551819456,0.9824009041737305,-0.0263076967834507,0.0016190767818575,4352.879954959727,101.26578616798857
BGD.3.1.31.3_1,Ward No-05,Pallabi,Dhaka,0,rule:informal,0.7552821484603527,0.2447178515396473,Informal,0.2552821484603527,High informal risk,0.9881921,Informal,True,0.2001067958234411,0.09957601254429482,-0.2001067958234411,31.519937302496803,2.7193949068807495,525.9458986170151,623.8858679977108,0.9589420800369579,-0.0145996836585079,-0.0102948510120269,7121.753079846786,60.35482017585615
BGD.3.1.5.1_1,Ward No-15 (part),Cantonment,Dhaka,1,thana:formal_anchor,0.04390583948141746,0.9560941605185825,Formal,0.45609416051858254,Formal / planned,0.0066425204,Formal,True,0.3601360574980986,0.1889680403921816,-0.3601360574980986,29.182838137088876,2.9365526835651266,487.249663224457,540.8290577545137,0.4640075014425851,-0.0594391902120498,0.0083053191733002,1015.0496550624848,142.32521088167073
BGD.3.1.31.5_1,Ward No-15 (part),Pallabi,Dhaka,1,rule:formal,0.05374161669876384,0.9462583833012361,Formal,0.4462583833012362,Formal / planned,0.0066425204,Formal,True,0.3650730462501483,0.19558854588285834,-0.3650730462501483,28.871694215488084,3.4177931807559836,487.249663224457,582.8257152332953,0.4578267885960194,-0.0620447060815755,0.0128051624664457,1633.834658126265,110.81151558048695
BGD.3.1.29.12_1,Nayansree,Nawabganj,Dhaka,1,rule:formal,0.07259760194911391,0.9274023980508861,Formal,0.4274023980508861,Formal / planned,0.004401684,Formal,True,0.5159459026424911,0.27882660333908793,-0.5159459026424911,27.45891237660114,2.3544315236100664,487.249663224457,168.12878419381346,0.0036627521789427795,-0.1217020236051576,-0.0070972311190181,0.0,0.0
BGD.3.1.29.13_1,Shikari Para,Nawabganj,Dhaka,1,rule:formal,0.07408149913182091,0.9259185008681791,Formal,0.42591850086817906,Formal / planned,0.0043052435,Formal,True,0.5249273450011311,0.2904034141984949,-0.5249273450011311,27.548456973815895,2.2513855705364545,487.249663224457,140.04386681173085,0.0028863761683356366,-0.1413391000267951,-0.0025696434433694,0.0,0.0
BGD.3.1.29.14_1,Sholla,Nawabganj,Dhaka,1,rule:formal,0.06956331280999903,0.9304366871900009,Formal,0.43043668719000094,Formal / planned,0.008048654,Formal,True,0.5244037457615337,0.29260069296093616,-0.5244037457615337,27.81853193976172,2.1421633927406383,487.249663224457,179.76319967674004,0.004341661888416737,-0.0965052562747959,-0.0048334259242772,0.0,0.0
BGD.3.1.10.13_1,Rowail,Dhamrai,Dhaka,1,rule:formal,0.10192893634634531,0.8980710636536546,Formal,0.3980710636536547,Formal / planned,0.0032655597,Formal,True,0.513579852407783,0.28820623469929263,-0.513579852407783,27.471425361423666,2.1977774196309645,12.069068282957408,5.894966084946059,0.007167540062276904,-0.075929886443235,-0.0647307422014758,3.51030435277935,57.61893028162351
BGD.3.1.10.10_1,Kulla,Dhamrai,Dhaka,1,rule:formal,0.05810468462992004,0.94189531537008,Formal,0.44189531537008,Formal / planned,0.0032655597,Formal,True,0.42976233278142206,0.23337047038165967,-0.42976233278142206,27.348010090188986,2.4624128409329242,6.864703357274834,77.36466290776845,0.01749977728386827,-0.0924810617137966,-0.0187315011235949,111.12951544507764,52.92754195660333
BGD.3.1.10.16_1,Suapur,Dhamrai,Dhaka,1,rule:formal,0.08629718332374978,0.9137028166762502,Formal,0.4137028166762502,Formal / planned,0.0032655597,Formal,True,0.5333358994013008,0.28372264971631844,-0.5333358994013008,27.359909298998765,2.233650246473946,11.733199146815709,6.178845085355467,0.0068373195104891316,-0.138019695174064,-0.0626430986737811,0.0,0.0
BGD.3.1.10.12_1,Nannar,Dhamrai,Dhaka,1,rule:formal,0.07704041030637997,0.92295958969362,Formal,0.42295958969362,Formal / planned,0.004401684,Formal,True,0.518080625879094,0.27061822928504264,-0.518080625879094,27.250444841539903,2.1971177360061516,487.249663224457,154.00176891199646,0.009550597276670991,-0.146205016954704,-0.0100143249719794,0.0,0.0
BGD.3.1.10.7_1,Dhamrai Paurashava,Dhamrai,Dhaka,1,rule:formal,0.016451354646213813,0.9835486453537862,Formal,0.48354864535378617,Formal / planned,0.003492415,Formal,True,0.3770212599688717,0.19897662093447838,-0.3770212599688717,28.392907570487733,2.952394046404855,60.301615660110215,33.65379151881285,0.3719134738670674,-0.0885748186407822,0.0208440582069284,524.7796222819007,111.36929659037104
BGD.3.1.10.17_1,Suti Para,Dhamrai,Dhaka,1,rule:formal,0.0660831728715721,0.9339168271284279,Formal,0.4339168271284279,Formal / planned,0.0032655597,Formal,True,0.49550856913513713,0.25809382166579836,-0.49550856913513713,27.526503999493404,2.3013922682268784,10.809026264508566,79.29628224054996,0.046936638501610214,-0.137034007512713,-0.0262082083002558,0.0,0.0
BGD.3.1.10.15_1,Sombhag,Dhamrai,Dhaka,1,rule:formal,0.06616349311629834,0.9338365068837017,Formal,0.4338365068837017,Formal / planned,0.0029953122,Formal,True,0.4718138086660621,0.2446475522435203,-0.4718138086660621,27.112555647859867,2.5483912001842093,12.586894435306924,65.44913052656204,0.02863343244952708,-0.1268417600135318,-0.0080976732065851,0.0,0.0
BGD.3.1.36.3_1,Banagram,Savar,Dhaka,1,rule:formal,0.06131166275238763,0.9386883372476124,Formal,0.43868833724761236,Formal / planned,0.008041978,Formal,True,0.5095334057520924,0.29312549582261926,-0.5095334057520924,28.215594240975314,2.461501848163521,487.249663224457,363.65788815303665,0.05843787370741201,-0.0800933368288113,0.0053533821451805,551.7829890026354,70.93626503837649
BGD.3.1.31.4_1,Ward No-06,Pallabi,Dhaka,1,rule:formal,0.06700575539669705,0.9329942446033029,Formal,0.43299424460330294,Formal / planned,0.018686295,Formal,True,0.27457712922724864,0.14191935411768092,-0.27457712922724864,29.685586375166956,2.7360328341699436,132.72275671872225,535.4630946471698,0.6836111160311023,-0.0445260794709349,-0.0070316378813782,2716.9310515145216,125.29402451768124
BGD.3.1.31.1_1,Ward No-02,Pallabi,Dhaka,-1,unlabeled,0.3382568837419028,0.6617431162580971,Formal,0.16174311625809717,Low informal risk,0.06500393,Formal,True,0.22042491128638836,0.11059728669767667,-0.22042491128638836,29.503987616972367,2.614294456173343,245.19165437759892,575.6507035097119,0.6968157288477924,-0.0384997314622221,0.0023862309479831,3108.274433171832,101.32869484169488
BGD.3.1.36.10_1,Savar Paurashava,Savar,Dhaka,1,rule:formal,0.013071113990104856,0.9869288860098951,Formal,0.48692888600989515,Formal / planned,0.0028817654,Formal,True,0.442111344416812,0.23573373244583992,-0.442111344416812,28.672300361750885,2.6365510742190414,23.592386190400738,225.2481556026829,0.4340127107631971,-0.0672259194266886,-0.0143641643453612,2236.9254175201118,80.15519319908708
BGD.3.1.36.5_1,Biralia,Savar,Dhaka,1,rule:formal,0.06502595811289892,0.9349740418871011,Formal,0.4349740418871011,Formal / planned,0.005655408,Formal,True,0.4822748132860283,0.2742135603821842,-0.4822748132860283,28.453329463509974,2.4716914760297928,487.249663224457,441.1728040069674,0.05317127119281028,-0.0672947438928686,0.009097120668123,399.2411021410255,88.44854887349943
BGD.3.1.44.1_1,Harirampur (Part),Turag,Dhaka,1,rule:formal,0.09635143332529494,0.9036485666747051,Formal,0.40364856667470506,Formal / planned,0.0065862536,Formal,True,0.3055143809217231,0.1650279280966832,-0.3055143809217231,29.438986908928126,2.326739165589074,487.249663224457,578.0345393577842,0.3313744859603665,-0.0596577823459684,0.0064366904286707,873.1061862198018,130.4672358714343
BGD.3.1.36.9_1,Savar,Savar,Dhaka,1,rule:formal,0.07807617497847834,0.9219238250215217,Formal,0.42192382502152165,Formal / planned,0.0030964017,Formal,True,0.5476936054265096,0.2904450864412694,-0.5476936054265096,27.879713200463435,2.6749017415060736,24.84485385219256,15.420055875244932,0.11363892792303038,-0.0681335515845915,-0.0118959092726298,528.1824046248661,120.73995842299732
BGD.3.1.36.8_1,Pathalia(part),Savar,Dhaka,1,rule:formal,0.06698904252197489,0.9330109574780251,Formal,0.4330109574780251,Formal / planned,0.0044882894,Formal,True,0.5051957844541822,0.26992731943241444,-0.5051957844541822,27.66761394470731,3.1237531370688765,487.249663224457,246.7575916751811,0.13764973348871865,-0.0934555107927455,0.0084833200883749,716.4793885594537,97.16750100042232
BGD.3.1.36.2_1,Ashulia,Savar,Dhaka,1,rule:formal,0.049350796168923294,0.9506492038310768,Formal,0.4506492038310767,Formal / planned,0.0068851113,Formal,True,0.44962765082365125,0.2435248421697594,-0.44962765082365125,28.682054751511224,2.5096356623774043,487.249663224457,373.3225181168822,0.2893780585253752,-0.0686879197174358,0.0044051979535454,1019.4695183621308,131.10692219524492
BGD.3.1.36.13_1,Yearpur,Savar,Dhaka,1,rule:formal,0.07311061874213866,0.9268893812578614,Formal,0.42688938125786136,Formal / planned,0.005794823,Formal,True,0.4483997714511997,0.2332670710398352,-0.4483997714511997,28.008408213760102,2.628066576499642,487.249663224457,452.68498443314746,0.3156812061820428,-0.0817718645418847,0.0627838904067472,1097.6082053463622,125.6806295337758
BGD.3.1.36.6_1,Dhamsana,Savar,Dhaka,1,rule:formal,0.038249963701359115,0.9617500362986409,Formal,0.46175003629864086,Formal / planned,0.0059563518,Formal,True,0.469755477674925,0.24540745151743756,-0.469755477674925,28.194710565971477,3.0586295325350337,487.249663224457,331.72927624710735,0.32795157123797086,-0.0992369993262705,0.0561546211215644,1429.5113662713838,103.47532940141232
BGD.3.1.21.6_1,Konda,Keraniganj,Dhaka,1,rule:formal,0.03609521810256817,0.9639047818974318,Formal,0.46390478189743184,Formal / planned,0.07386589,Formal,True,0.3506734166822254,0.20124245471356514,-0.3506734166822254,29.914931748857224,1.962339525086234,487.249663224457,496.11649888478416,0.1765734748039881,-0.0620528783740378,0.0170074575965085,627.5777220632189,54.9326387047448
BGD.3.1.17.3_1,Shyampur,Kadamtali,Dhaka,0,thana:informal_anchor,0.800025149654419,0.19997485034558105,Informal,0.30002514965441895,High informal risk,0.9482235,Informal,True,0.21750873890826594,0.1101887122708052,-0.21750873890826594,29.923784199557353,2.042137473513833,104.28354932472459,654.8745962652653,0.5893222464198509,-0.0617761731272362,0.0232729233796216,1533.976902373352,126.33238967439304
BGD.3.1.17.2_1,Matuail (part),Kadamtali,Dhaka,0,thana:informal_anchor,0.7232904861589847,0.2767095138410153,Informal,0.22329048615898472,Moderate informal risk,0.5436896,Informal,True,0.2757103461071082,0.14078220022652985,-0.2757103461071082,28.712221486655203,1.8060296941260607,386.7245417074724,278.32365417206324,0.6339720868409393,-0.0638284475057326,0.0224216415834754,1712.6649690302734,126.03219009814464
BGD.3.1.17.5_1,Ward No-89,Kadamtali,Dhaka,0,thana:informal_anchor,0.8708214603608425,0.12917853963915749,Informal,0.3708214603608425,High informal risk,0.99705786,Informal,True,0.15137820251581607,0.07092909002740308,-0.15137820251581607,31.20284317945488,1.5775056464582602,555.9207545150945,121.02844648936494,0.9956421740709357,-0.0599924924091785,0.0222330181454468,5646.015205429271,74.67298509992233
BGD.3.1.40.3_1,Ward No-90,Shyampur,Dhaka,0,thana:informal_anchor,0.9256993629721977,0.07430063702780232,Informal,0.4256993629721977,High informal risk,0.99203306,Informal,True,0.1803386833811744,0.0881886178163693,-0.1803386833811744,32.142116843091415,1.8204623703987142,355.96935149370614,112.33785254887765,0.923988726790451,-0.0538438725441555,0.017765153291335,2803.8543415651866,121.78039142784549
BGD.3.1.40.1_1,Ward No-83,Shyampur,Dhaka,0,thana:informal_anchor,0.4612171297373757,0.5387828702626243,Formal,0.03878287026262428,Low informal risk,0.93384373,Informal,False,0.19763258404508824,0.09538866764445615,-0.19763258404508824,31.159620609635727,2.8254000236168793,266.95783674860576,341.96542656505056,0.8852896783931267,-0.0593464404569963,0.0188457872489856,2700.04167458287,123.70306624873282
BGD.3.1.17.1_1,Dhania(part),Kadamtali,Dhaka,0,thana:informal_anchor,0.9278654333337407,0.07213456666625928,Informal,0.4278654333337407,High informal risk,0.9808555,Informal,True,0.15038208785132046,0.07673403226909649,-0.15038208785132046,29.55802016415076,1.6382141269940949,978.6723169514553,304.718253494328,0.9629441107604602,-0.0632767760688304,0.0228528332105887,3570.685875548076,107.39695532784928
BGD.3.1.9.2_1,Matuail (part),Demra,Dhaka,0,thana:informal_anchor,0.6275480031369003,0.3724519968630997,Informal,0.1275480031369003,Moderate informal risk,0.8587295,Informal,True,0.24261220958722282,0.12798359320469926,-0.24261220958722282,28.962997744781802,1.8627902209921612,167.30388585075002,78.2618281758175,0.6477954287566866,-0.0648823504674436,0.0208272294525704,1489.7777992314489,140.49257399592676
BGD.3.1.17.4_1,Ward No-88,Kadamtali,Dhaka,0,thana:informal_anchor,0.9484575090781991,0.051542490921800854,Informal,0.44845750907819915,High informal risk,0.99744457,Informal,True,0.14217714346747212,0.06879781121064305,-0.14217714346747212,31.87597268149409,1.64049321799475,513.2526769805373,257.6640342656638,0.9963918455709905,-0.0596777738897592,0.0221015189644321,3216.285281835003,116.42483867570712
BGD.3.1.16.1_1,Dhania(part),Jatrabari,Dhaka,0,thana:informal_anchor,0.9278669047153341,0.07213309528466594,Informal,0.42786690471533406,High informal risk,0.9973287,Informal,True,0.13952385425315303,0.06807969254726301,-0.13952385425315303,30.57853386700434,1.7340171261247235,1001.2924022832193,238.012631852354,0.9873596673596674,-0.0528517300317175,0.015984406139937,2915.7663104376084,127.32099933441546
BGD.3.1.21.11_1,Tegharia,Keraniganj,Dhaka,1,rule:formal,0.10699012412972435,0.8930098758702757,Formal,0.39300987587027564,Formal / planned,0.07525998,Formal,True,0.40832993240172905,0.23401576070490884,-0.40832993240172905,30.54356175378975,1.8028424723491092,13.150918089166037,55.88825185554132,0.14833711577612388,-0.0674716825342647,0.0211599618737241,556.0081943052926,60.228781566804464
BGD.3.1.21.9_1,Subhadya (Part),Keraniganj,Dhaka,1,rule:formal,0.14787458752027594,0.8521254124797241,Formal,0.35212541247972406,Formal / planned,0.53664863,Informal,False,0.28466518628056076,0.15467160240502958,-0.28466518628056076,30.97528231336428,2.1295203272580214,487.249663224457,335.6215511589945,0.40881722434523254,-0.0605039984728434,0.0192291234700682,1502.270413625714,77.7971897672179
BGD.3.1.21.12_1,Zinjira,Keraniganj,Dhaka,-1,unlabeled,0.7953916651624349,0.20460833483756513,Informal,0.29539166516243487,High informal risk,0.8711145,Informal,True,0.18784686491515387,0.0893830607281967,-0.18784686491515387,29.509723962164397,2.101377444264722,487.249663224457,524.9118384282675,0.6865337870685464,-0.0433108389947211,0.0034380800812284,3274.2015201548465,80.44208458677177
BGD.3.1.3.2_1,Ward No-66 (Part),Bangshal,Dhaka,-1,unlabeled,0.11188777591994875,0.8881122240800512,Formal,0.38811222408005125,Formal / planned,0.9760384,Informal,False,0.18152674169916855,0.08905262888262147,-0.18152674169916855,30.507345621209396,3.6858352384668716,492.8247324625651,171.77738751270002,0.9725022914757103,-0.056473072399264,0.0199311942417214,1471.6401637293002,218.80595737153092
BGD.3.1.6.4_1,Ward No-66 (Part),Chak Bazar,Dhaka,0,rule:informal,0.75152746945575,0.24847253054425,Informal,0.25152746945575,High informal risk,0.9923647,Informal,True,0.14082366424861928,0.06916383211828873,-0.14082366424861928,31.478564504166723,3.2854135309656463,724.8132678616431,286.24451497179587,0.9956440572495333,-0.0337322892699209,-0.0015361423148521,3500.7672455579523,122.09436115971106
BGD.3.1.20.1_1,Sultanganj,Kamrangir Char,Dhaka,-1,unlabeled,0.8584796094234705,0.14152039057652954,Informal,0.35847960942347046,High informal risk,0.98669755,Informal,True,0.18613708552527314,0.09281894457901534,-0.18613708552527314,31.037159619982077,2.133453392943568,19.109145159697412,634.7957648668364,0.8159964605250222,-0.0244901189135328,-0.0101011027289647,4143.209399312574,90.4317190672585
BGD.3.1.6.3_1,Ward No-65,Chak Bazar,Dhaka,0,rule:informal,0.8286814279034524,0.17131857209654755,Informal,0.32868142790345245,High informal risk,0.9933899,Informal,True,0.1561473393487355,0.07541397911110605,-0.1561473393487355,31.86319112539688,2.8605181520023653,922.4749353582209,404.69667326265505,0.9649941656942824,-0.0347056742614023,0.0027490812628971,3294.781507321924,128.7421007848041
BGD.3.1.25.7_1,Ward No-92,Lalbagh,Dhaka,0,thana:informal_anchor,0.8301720017140333,0.16982799828596673,Informal,0.33017200171403327,High informal risk,0.9985758,Informal,True,0.20808768389694937,0.10735653707715366,-0.20808768389694937,31.70920658832233,2.0387375198956925,769.9553682096712,358.3287480486462,0.8882949103463638,-0.0253621449811623,-0.006010079633773,6078.933084771986,59.60324414234038
BGD.3.1.6.5_1,Ward No-67 (Part),Chak Bazar,Dhaka,-1,unlabeled,0.6287797463366613,0.37122025366333866,Informal,0.12877974633666134,Moderate informal risk,0.49676144,Formal,False,0.2707113499839466,0.12998741673537717,-0.2707113499839466,29.919577485837113,2.940454121173164,1268.6951053503788,167.13220885921152,0.6717044500419815,-0.0290523690352251,0.0021386373846249,3893.484254659943,114.37613664630156
BGD.3.1.25.3_1,Ward No-60,Lalbagh,Dhaka,0,thana:informal_anchor,0.8942231454446448,0.10577685455535524,Informal,0.39422314544464476,High informal risk,0.9917161,Informal,True,0.16908841570819844,0.0821147924502981,-0.16908841570819844,32.03575311871809,2.536857144005837,748.0614767974278,484.1006626574569,0.9884446074834923,-0.0376626308092414,0.0070919644415926,4992.701937098562,77.30775855893005
BGD.3.1.13.4_1,Ward No-82,Gendaria,Dhaka,-1,unlabeled,0.7694721975444837,0.2305278024555163,Informal,0.2694721975444837,High informal risk,0.8507177,Informal,True,0.21061200509359548,0.09853080864791032,-0.21061200509359548,30.1278015094799,2.490118238441182,66.78074545230506,589.7837241385469,0.8974457461110045,-0.0509443149336186,0.0131774370198746,3089.9108481590106,131.3318393284671
BGD.3.1.21.1_1,Aganagar,Keraniganj,Dhaka,-1,unlabeled,0.9332250919611929,0.06677490803880715,Informal,0.43322509196119285,High informal risk,0.98860466,Informal,True,0.20749471298796474,0.10423826231722912,-0.20749471298796474,30.538989137417254,2.0403006445983416,180.4089779494396,274.1947675193381,0.8533494876066434,-0.0512425988183157,0.0114009168051235,3614.1186817598873,105.27555026437231
BGD.3.1.41.5_1,Ward No-79,Sutrapur,Dhaka,0,thana:informal_anchor,0.7232299231887981,0.2767700768112019,Informal,0.22322992318879809,Moderate informal risk,0.92575085,Informal,True,0.17368786503006572,0.08179753625139534,-0.17368786503006572,30.348759249637002,2.941616087100085,127.77101787220349,510.0055418861933,0.9793594306049822,-0.0546170822499219,0.0197672012160694,3508.358084844863,118.5742030872025
BGD.3.1.13.3_1,Ward No-81,Gendaria,Dhaka,-1,unlabeled,0.7194322155910844,0.2805677844089156,Informal,0.2194322155910844,Moderate informal risk,0.98693097,Informal,True,0.1555150216629607,0.07551663765000517,-0.1555150216629607,30.734850205605795,2.3351597093223107,470.6418287004743,81.81403815400704,0.9540183926429429,-0.0635322559801695,0.0255221624398032,3569.974947319931,128.8014436903698
BGD.3.1.24.4_1,Ward No-73,Kotwali,Dhaka,0,thana:informal_anchor,0.7232433442341419,0.27675665576585806,Informal,0.22324334423414194,Moderate informal risk,0.9899667,Informal,True,0.21124443107873053,0.10120310514368376,-0.21124443107873053,30.560391891061965,3.6067388836391747,751.2243075163468,515.7470873486274,0.901561144839549,-0.0539876656942575,0.0175791499614365,1607.5580486103595,217.92647191686743
BGD.3.1.41.6_1,Ward No-80 (Part),Sutrapur,Dhaka,0,thana:informal_anchor,0.7234136515226537,0.2765863484773463,Informal,0.2234136515226537,Moderate informal risk,0.96315145,Informal,True,0.1673365760676182,0.07717305832426913,-0.1673365760676182,30.16472117570195,2.6947240816603464,723.647331237793,58.96297479126658,0.9416393442622951,-0.0588040525380803,0.02036008216092,3491.752076867779,100.62125949617102
BGD.3.1.13.2_1,Ward No-80 (Part),Gendaria,Dhaka,-1,unlabeled,0.6424826961065928,0.3575173038934072,Informal,0.1424826961065928,Moderate informal risk,0.9891155,Informal,True,0.12868515675997033,0.0614478087381405,-0.12868515675997033,30.453378060284784,2.4055201902109036,558.4388776506696,18.776284809932704,0.8346456692913385,-0.073149987104116,0.030208154437411,3195.049977248639,96.27194659744472
BGD.3.1.41.4_1,Ward No-78,Sutrapur,Dhaka,0,thana:informal_anchor,0.929466010644155,0.07053398935584498,Informal,0.429466010644155,High informal risk,0.9975888,Informal,True,0.1551286933883544,0.07217114743205809,-0.1551286933883544,30.0562987789031,2.1354404179379345,550.4126470229205,118.15489349272099,0.9771493858897458,-0.0261120320103279,-0.0036080400550372,3398.857154691647,110.08797461892831
BGD.3.1.24.1_1,Ward No-68 (Part),Kotwali,Dhaka,0,thana:informal_anchor,0.8652397900725954,0.13476020992740456,Informal,0.36523979007259544,High informal risk,0.9797627,Informal,True,0.15264393311464092,0.0729254785093289,-0.15264393311464092,30.178149362212245,3.5404992929526737,1072.4235096807065,348.18206808911185,0.9427083333333334,-0.0420649644262279,0.0032368543515926,3947.5343648832654,131.63957785449654
BGD.3.1.24.3_1,Ward No-72,Kotwali,Dhaka,0,thana:informal_anchor,0.8601429544871634,0.13985704551283662,Informal,0.3601429544871634,High informal risk,0.9697297,Informal,True,0.15254860679404095,0.06857331079215957,-0.15254860679404095,30.08368269296793,2.5759653930373037,1615.081610107422,244.4108886263397,0.9860406091370558,-0.0271629042300889,-0.0069048316017196,5165.98775045746,91.84162362551854
BGD.3.1.40.2_1,Ward No-87,Shyampur,Dhaka,0,thana:informal_anchor,0.9317045502928989,0.06829544970710111,Informal,0.4317045502928989,High informal risk,0.99392253,Informal,True,0.14019174240171828,0.0680789198925711,-0.14019174240171828,31.851686720985445,1.8221702414220877,466.532986896794,80.05239947598787,0.989835430784124,-0.0451142438986004,0.0082659167822341,3208.189914056498,118.75567552413897
BGD.3.1.16.6_1,Ward No-86,Jatrabari,Dhaka,0,thana:informal_anchor,0.9029274162023687,0.09707258379763128,Informal,0.4029274162023687,High informal risk,0.99542856,Informal,True,0.15397391828173157,0.07488893330248907,-0.15397391828173157,31.267319146324606,1.9726409606833373,490.18104704299776,111.53193914226964,0.8925355213127877,-0.0473751101941671,0.0130204308540637,2418.8767355761884,139.51070326219136
BGD.3.1.9.3_1,Saralia,Demra,Dhaka,0,thana:informal_anchor,0.6440826357990885,0.35591736420091147,Informal,0.14408263579908853,Moderate informal risk,0.9011173,Informal,True,0.25828672918090523,0.1317543636684545,-0.25828672918090523,29.28917763516364,2.0280502303530756,157.77021685588002,352.03927371278115,0.652726735099058,-0.061555580109781,0.0160725266236437,2066.6221384548558,107.40072206544971
BGD.3.1.16.3_1,Ward No-76 (Part),Jatrabari,Dhaka,0,thana:informal_anchor,0.9498577853286438,0.050142214671356156,Informal,0.44985778532864384,High informal risk,0.99705786,Informal,True,0.1642365806869098,0.07708225925526922,-0.1642365806869098,31.56289252023848,1.592378394170241,543.1636301676432,35.753715073615126,1.0,-0.0313225311972532,0.0005925889163147,3512.842330767906,106.3571243160654
BGD.3.1.16.4_1,Ward No-84,Jatrabari,Dhaka,0,thana:informal_anchor,0.8417044814930706,0.15829551850692936,Informal,0.34170448149307064,High informal risk,0.9983708,Informal,True,0.13467728966534287,0.06665258023673132,-0.13467728966534287,31.79156001528403,2.129120112899982,525.9757765866398,90.77110537624755,0.9964935349550734,-0.0535278330649931,0.0159540017120013,2961.091976728815,128.75604631788832
BGD.3.1.16.2_1,Matuail (part),Jatrabari,Dhaka,0,thana:informal_anchor,0.6401833860970773,0.35981661390292274,Informal,0.14018338609707726,Moderate informal risk,0.8796166,Informal,True,0.2557157612051244,0.13636479437241017,-0.2557157612051244,30.37133608632762,2.0461400237993574,113.44505455798672,524.1141963114508,0.5667747328364137,-0.0572423562822717,0.0157042259845455,1758.6468380247345,113.68320787074784
BGD.3.1.16.5_1,Ward No-85,Jatrabari,Dhaka,0,thana:informal_anchor,0.43696997363756174,0.5630300263624383,Formal,0.06303002636243826,Low informal risk,0.91378933,Informal,False,0.2670525677985699,0.14166949118291544,-0.2670525677985699,31.286711937454623,2.3636116459349954,348.85845428259194,153.98851244659903,0.6656247876605287,-0.0430926239653148,0.0047102629018696,1888.626301388876,112.15522237392254
BGD.3.1.35.6_1,Ward No-30,Sabujbagh,Dhaka,0,rule:informal,0.9004568061306302,0.09954319386936983,Informal,0.40045680613063017,High informal risk,0.9966453,Informal,True,0.19181176357083907,0.09346447774806496,-0.19181176357083907,30.96578635922261,2.215000968732332,833.1476085429289,274.92834796991286,0.9582300209803548,-0.0185753006793726,-0.012514962983854,2980.396955396954,113.72198963138965
BGD.3.1.35.2_1,Manda,Sabujbagh,Dhaka,1,rule:formal,0.07499532350136881,0.9250046764986312,Formal,0.42500467649863116,Formal / planned,0.0055856705,Formal,True,0.3543906610422447,0.19341598858598802,-0.3543906610422447,29.608396971655672,2.221049541835578,199.11758383161072,513.4526344746623,0.5429527490913287,-0.042090879365886,-0.0007084086018115,1974.493817978932,95.78190250384552
BGD.3.1.35.5_1,Ward No-29,Sabujbagh,Dhaka,-1,unlabeled,0.9147311657713135,0.08526883422868647,Informal,0.4147311657713135,High informal risk,0.9910203,Informal,True,0.19094422715302756,0.0920960899475499,-0.19094422715302756,30.330720695518178,2.222376965125288,747.7688489082532,268.3321704856039,0.9405735046062021,-0.028619918177619,-0.0006554988724804,2891.5176514986792,134.05026922150677
BGD.3.1.13.1_1,Ward No-76 (Part),Gendaria,Dhaka,-1,unlabeled,0.8634894577364252,0.13651054226357484,Informal,0.36348945773642516,High informal risk,0.997008,Informal,True,0.2093701343288395,0.09566731211632046,-0.2093701343288395,30.49504352327603,2.0937941363693153,528.8772774973223,74.28341333029171,0.8647669247240982,-0.0458709180226225,0.0100487162630087,2315.984773341904,133.58755405740095
BGD.3.1.24.2_1,Ward No-71 (Part),Kotwali,Dhaka,0,thana:informal_anchor,0.723291405374112,0.27670859462588804,Informal,0.22329140537411196,Moderate informal risk,0.9754884,Informal,True,0.1118860090220416,0.05328514564920355,-0.1118860090220416,30.306652704874676,2.9323117307254245,1740.904052734375,42.640869140625,0.996969696969697,-0.0058214123677289,-0.0189695619296347,6309.121824341632,62.21933943689928
BGD.3.1.3.4_1,Ward No-68 (part),Bangshal,Dhaka,0,rule:informal,0.7234066090566198,0.2765933909433802,Informal,0.2234066090566198,Moderate informal risk,0.9983623,Informal,True,0.1439930964599956,0.06799098479025292,-0.1439930964599956,30.007756435509883,2.131602510981176,1565.4259914822048,288.22353617534134,0.9946149703823371,-0.0314396623157462,0.0005803294213135,8829.856879350795,65.83783196627608
BGD.3.1.3.3_1,Ward No-67 (part),Bangshal,Dhaka,0,rule:informal,0.8991343999265325,0.10086560007346745,Informal,0.39913439992653255,High informal risk,0.98304236,Informal,True,0.19370181125123054,0.09151820925762877,-0.19370181125123054,30.008576730887096,2.445314243739965,1066.4253207120028,215.67467728936063,0.9558823529411765,-0.035323098078723,0.0009986325452445,4676.240284103019,107.55649282043916
BGD.3.1.41.3_1,Ward No-77,Sutrapur,Dhaka,0,thana:informal_anchor,0.8281346917770311,0.17186530822296886,Informal,0.32813469177703114,High informal risk,0.985613,Informal,True,0.15371725307190204,0.07129983439504563,-0.15371725307190204,30.23718278042905,2.369898612050572,621.3472528076172,81.28792746248627,0.9471601029091629,-0.0458188430552553,0.0112560702695855,3180.536837091286,123.65829929498166
BGD.3.1.3.7_1,Ward No-71 (Part),Bangshal,Dhaka,0,rule:informal,0.7234868260635913,0.27651317393640873,Informal,0.22348682606359127,Moderate informal risk,0.9952683,Informal,True,0.13087888730438887,0.06076490291863257,-0.13087888730438887,30.675264142083783,2.3085726166535103,1970.5313682556152,232.99569038919688,0.9765424164524421,-0.0227377368386121,-0.0106627332950162,6177.938651246947,62.42111888586837
BGD.3.1.41.1_1,Ward No-74,Sutrapur,Dhaka,0,thana:informal_anchor,0.9053673726081077,0.09463262739189227,Informal,0.40536737260810773,High informal risk,0.9948908,Informal,True,0.14373830582770666,0.06502492892927622,-0.14373830582770666,30.884243121986227,2.3727392999775416,667.6490648057726,133.48089591334994,0.9928945400149589,-0.0406649921695433,0.0089277151991322,4698.092365965245,90.7201232429056
BGD.3.1.41.2_1,Ward No-75,Sutrapur,Dhaka,0,thana:informal_anchor,0.7233013634455795,0.2766986365544205,Informal,0.2233013634455795,Moderate informal risk,0.9866428,Informal,True,0.18684557349812048,0.08753349188295648,-0.18684557349812048,30.940499357802874,2.418272848038031,434.0667704920615,122.57256691709598,0.9457867713681667,-0.0234503117794845,-0.0061783904763011,2334.04765892319,173.32272833791205
BGD.3.1.3.6_1,Ward No-70,Bangshal,Dhaka,0,rule:informal,0.6931085570652569,0.30689144293474313,Informal,0.19310855706525687,Moderate informal risk,0.9970026,Informal,True,0.1419162981152215,0.0639985591652566,-0.1419162981152215,30.554579328276198,2.438430686843613,2145.3344279963794,359.2118456986294,0.9908558030480656,-0.0449226450743687,0.00861666534412,5496.904738029543,71.63657296131743
BGD.3.1.3.5_1,Ward No-69,Bangshal,Dhaka,0,rule:informal,0.6764271516851628,0.32357284831483724,Informal,0.17642715168516276,Moderate informal risk,0.9913718,Informal,True,0.1562918511164539,0.07015756304905403,-0.1562918511164539,30.102117758171232,2.183119500864227,2064.1153989045515,243.38245437403944,0.9970117395944503,-0.0264849467733333,-0.0029704172853229,7677.971166963973,83.3749229586237
BGD.3.1.6.2_1,Ward No-64,Chak Bazar,Dhaka,0,rule:informal,0.9141399157719127,0.08586008422808733,Informal,0.41413991577191267,High informal risk,0.9840594,Informal,True,0.1688966596600159,0.07687708952052649,-0.1688966596600159,30.30845584425815,2.5971936435078296,1068.9589209923377,341.3267741712682,0.994107452339688,-0.0394884619553112,0.0098810941541033,3896.307142528594,116.90951342791234
BGD.3.1.25.4_1,Ward No-61,Lalbagh,Dhaka,0,thana:informal_anchor,0.8633773417421853,0.13662265825781472,Informal,0.3633773417421853,High informal risk,0.9953914,Informal,True,0.20027492514206408,0.10195536753720297,-0.20027492514206408,30.59918061063982,2.3112344642261884,1098.0305708342908,428.5397591048091,0.8952603861907549,-0.0652967295647289,0.0263967315536131,3202.270908583186,104.7638298015249
BGD.3.1.3.1_1,Ward No-63 (Part),Bangshal,Dhaka,0,rule:informal,0.7275865357368094,0.2724134642631906,Informal,0.22758653573680943,Moderate informal risk,0.99564135,Informal,True,0.18067613065890645,0.07852772194082322,-0.18067613065890645,30.021315429521643,1.9191995606474255,1662.3423706054687,142.329026428285,0.9980638915779284,-0.0378025706170144,0.0082650138232181,8127.082212417966,81.19206533614953
BGD.3.1.6.1_1,Ward No-63 (Part),Chak Bazar,Dhaka,-1,unlabeled,0.8580555954891587,0.14194440451084134,Informal,0.35805559548915866,High informal risk,0.9704533,Informal,True,0.270783597426541,0.1263578253064575,-0.270783597426541,29.799472979327152,1.9204874206233669,1023.6250580578316,290.34324975004694,0.8205378973105134,-0.0664006145111203,0.0316995236794081,2544.3811987220674,127.98584967253696
BGD.3.1.25.1_1,Ward No-56 (Part),Lalbagh,Dhaka,0,thana:informal_anchor,0.723478463682444,0.27652153631755605,Informal,0.22347846368244395,Moderate informal risk,0.9252643,Informal,True,0.3260377746534674,0.15886157332626108,-0.3260377746534674,29.787413505658712,2.056679878064564,530.8463973999023,101.82964047896536,0.6363636363636364,0.0065144588506825,-0.0196909936935213,516.6999556578174,303.77326974453774
BGD.3.1.25.2_1,Ward No-59,Lalbagh,Dhaka,0,thana:informal_anchor,0.7579802761271874,0.24201972387281256,Informal,0.25798027612718744,High informal risk,0.96622336,Informal,True,0.27831791305704734,0.13482736277397175,-0.27831791305704734,30.144771465262455,2.1412710564223345,845.9746052135121,326.5545219166915,0.7854452312791924,-0.0477109153000743,0.0095105689301934,2810.922021039019,97.14133653591382
BGD.3.1.25.5_1,Ward No-62,Lalbagh,Dhaka,0,thana:informal_anchor,0.72325325225547,0.27674674774453,Informal,0.22325325225547,Moderate informal risk,0.13379347,Formal,False,0.2832848421424123,0.1356525373324173,-0.2832848421424123,29.515920097609442,2.3733114210903183,830.6163221276324,451.0698256051926,0.7132307692307692,-0.0369401328428209,0.0032218480925258,1156.4232588472498,205.47824973487988
BGD.3.1.30.1_1,Ward No-52,New Market,Dhaka,1,rule:formal,0.10704821907959902,0.892951780920401,Formal,0.39295178092040095,Formal / planned,0.01861751,Formal,True,0.33286639831992826,0.16244384499810144,-0.33286639831992826,29.663753009455807,2.5337504694594135,442.0084965644191,130.9951754892775,0.6208413926499032,-0.026179343353477,-0.0036580899548519,885.445108324994,295.37298217511085
BGD.3.1.11.2_1,Ward No-48 (Part),Dhanmondi,Dhaka,1,thana:formal_anchor,0.933164480878307,0.06683551912169305,Informal,0.43316448087830695,High informal risk,0.99638027,Informal,True,0.20800040893630894,0.10018920592249256,-0.20800040893630894,30.360649827408466,2.1542627081606125,954.787646484375,202.12157796109437,0.9624924379915305,-0.0276927694751748,0.0027865158896016,2873.062246820814,137.86965813726155
BGD.3.1.38.2_1,Ward No-57,Shahbagh,Dhaka,1,rule:formal,0.019636808700464834,0.9803631912995352,Formal,0.48036319129953514,Formal / planned,0.023626208,Formal,True,0.3302345494647602,0.1538931017366303,-0.3302345494647602,29.493502170436987,2.886633009568771,460.47921204411125,129.07995303076035,0.6354476165870042,-0.0323320717927227,0.0034667417060221,595.3732522361788,412.8883552619204
BGD.3.1.28.2_1,Ward No-32,Motijheel,Dhaka,1,thana:formal_anchor,0.10706565851262452,0.8929343414873755,Formal,0.3929343414873755,Formal / planned,0.8765078,Informal,False,0.2478542889126091,0.11164187563246944,-0.2478542889126091,30.64497130793384,4.381818885575396,459.4286356999324,119.85340674491479,0.7365875774520175,-0.0338777290553067,0.0012473728984955,1164.631365854832,251.45043284025328
BGD.3.1.38.1_1,Ward No-56(part),Shahbagh,Dhaka,1,rule:formal,0.0581291766497157,0.9418708233502843,Formal,0.44187082335028427,Formal / planned,0.0030121207,Formal,True,0.33054710224112754,0.15323544325314795,-0.33054710224112754,29.516639995789536,2.967233873556073,338.9519460027489,200.20902510672875,0.5445901453224341,-0.0327204196818504,0.0006076336570245,351.0422602927959,575.6355374079346
BGD.3.1.32.1_1,Ward No-36,Paltan,Dhaka,-1,unlabeled,0.030364901790617294,0.9696350982093827,Formal,0.4696350982093827,Formal / planned,0.9683659,Informal,False,0.1695357341917323,0.08337462223138235,-0.1695357341917323,30.250218976059337,3.289904035781146,578.522154908743,194.05641315529923,0.9430747144373011,-0.0299694382912628,0.0029939357959521,1158.03463743043,331.0747705024147
BGD.3.1.28.3_1,Ward No-33,Motijheel,Dhaka,1,thana:formal_anchor,0.08592659756737618,0.9140734024326238,Formal,0.4140734024326238,Formal / planned,0.14900428,Formal,True,0.2966942034040888,0.1347562092511604,-0.2966942034040888,29.82746439377467,2.515144012731836,490.70375343605326,117.01286765005042,0.7912390029325513,-0.0295837686761286,0.0004815525729824,672.4180221094532,324.49194922383606
BGD.3.1.28.4_1,Ward No-34,Motijheel,Dhaka,1,thana:formal_anchor,0.5090908465620406,0.4909091534379594,Informal,0.009090846562040622,Moderate informal risk,0.94224596,Informal,True,0.24922450627346882,0.11788783063232611,-0.24922450627346882,29.8694612789385,2.7508306412409382,850.122363476043,280.63306915101913,0.818968279397629,-0.0362734080358221,0.008430045778264,2133.146350386806,146.12838950935094
BGD.3.1.33.1_1,Ward No-53,Ramna,Dhaka,1,rule:formal,0.01651246742019715,0.9834875325798028,Formal,0.48348753257980287,Formal / planned,0.024542034,Formal,True,0.28172109899767506,0.12412393492743458,-0.28172109899767506,29.295435599747375,3.181070559873318,506.0007637793865,198.21598975621134,0.7217375499818248,-0.0389978769448187,0.0134906860660184,1095.478576997872,274.5431328245827
BGD.3.1.28.5_1,Ward No-35,Motijheel,Dhaka,1,thana:formal_anchor,0.902361069218419,0.09763893078158103,Informal,0.40236106921841897,High informal risk,0.98293173,Informal,True,0.16018633664820064,0.07670385718066879,-0.16018633664820064,30.165331175538146,2.334421915411949,1095.689051772609,127.5164400522851,0.9757639620653319,-0.0217314732387455,0.0101903108342682,2714.966293060524,146.49368488193178
BGD.3.1.22.3_1,Ward No-24,Khilgaon,Dhaka,-1,unlabeled,0.7821597600503056,0.21784023994969437,Informal,0.28215976005030563,High informal risk,0.98293173,Informal,True,0.1916156733683018,0.08949339900734937,-0.1916156733683018,30.09204275343153,2.3270698285306426,725.3422129755435,133.46177384642078,0.9176944158958548,-0.051522726732736,0.022031938735968,2621.502887914981,135.32920731768723
BGD.3.1.33.2_1,Ward No-54,Ramna,Dhaka,-1,unlabeled,0.15389269564186206,0.846107304358138,Formal,0.34610730435813797,Formal / planned,0.15249038,Formal,True,0.2047130360749374,0.0902891903842811,-0.2047130360749374,29.45971947742356,3.16792230430837,468.8558181504072,145.5493705318799,0.821640903686088,-0.0381130204735158,0.0177830658415413,2501.341388630061,139.55379441798874
BGD.3.1.34.2_1,Ward No-23,Rampura,Dhaka,-1,unlabeled,0.6540996818789032,0.3459003181210968,Informal,0.15409968187890322,Moderate informal risk,0.9294372,Informal,True,0.18968005919387576,0.08995578687253133,-0.18968005919387576,29.889919201624878,2.614194907432192,627.9425309957917,149.1619263021536,0.8855225701504676,-0.0445326613487737,0.0210665083801724,3060.861181469465,120.41412096233756
BGD.3.1.28.1_1,Ward No-31,Motijheel,Dhaka,1,thana:formal_anchor,0.11600008931023134,0.8839999106897687,Formal,0.3839999106897687,Formal / planned,0.94978917,Informal,False,0.23965857984372357,0.11223363303592312,-0.23965857984372357,31.470142419199277,2.778465589784113,696.2186881889731,188.0112498534097,0.7637044880671173,-0.0402321454335508,0.0062640144651749,840.4715328968459,209.8534014993841
BGD.3.1.35.4_1,Ward No-28,Sabujbagh,Dhaka,1,rule:formal,0.7232280526840486,0.27677194731595145,Informal,0.22322805268404855,Moderate informal risk,0.3312683,Formal,False,0.2563155249474858,0.12493622550028695,-0.2563155249474858,29.528085514890762,2.2828304067567013,577.7120767073197,242.96562091052309,0.8743578452957581,-0.0443833076918323,0.0069973548026481,2618.604157554947,122.22620736604652
BGD.3.1.35.1_1,Dakshingaon (Part),Sabujbagh,Dhaka,1,rule:formal,0.04198985797564415,0.9580101420243559,Formal,0.45801014202435586,Formal / planned,0.029830337,Formal,True,0.3993505363684662,0.21901928347202557,-0.3993505363684662,28.38316913433681,2.0197762238019603,21.215093538742657,483.9397116978356,0.27777564717162034,-0.0445592770013907,-0.0053585334241897,1264.205450205129,88.27130416316047
BGD.3.1.9.1_1,Demra (part),Demra,Dhaka,0,thana:informal_anchor,0.08446876474167554,0.9155312352583245,Formal,0.41553123525832447,Formal / planned,0.30130422,Formal,True,0.35957248657203494,0.19627922119213959,-0.35957248657203494,28.124442247886815,2.1200456106426286,487.249663224457,396.8472613357833,0.11465292163616528,-0.0540243434859903,0.0064514779207735,474.4662948421546,101.34609556933302
BGD.3.1.35.3_1,Ward No-27,Sabujbagh,Dhaka,0,rule:informal,0.9350099207794902,0.06499007922050981,Informal,0.4350099207794902,High informal risk,0.9968978,Informal,True,0.20899154938529974,0.09981671984029192,-0.20899154938529974,29.961303186901844,2.0756974067811234,876.5496453179253,138.41328387822728,0.9680472415466753,-0.0329266074671902,0.0006448425951167,2891.1917133613265,133.16615712066175
BGD.3.1.22.4_1,Ward No-25,Khilgaon,Dhaka,0,rule:informal,0.9529410001497784,0.04705899985022155,Informal,0.45294100014977845,High informal risk,0.99564135,Informal,True,0.18743033007026055,0.0887375851561167,-0.18743033007026055,30.13964506143899,1.772801852653963,825.536983457934,139.27686343794807,0.9919260862327285,-0.0428240153883019,0.0063307191467559,3371.3350222717404,118.87782718605015
BGD.3.1.22.1_1,Dakshingaon (Part),Khilgaon,Dhaka,1,rule:formal,0.1069645402731949,0.8930354597268051,Formal,0.3930354597268051,Formal / planned,0.062634885,Formal,True,0.305934397259754,0.16609039758092578,-0.305934397259754,29.38269031660932,2.0457683480171225,158.57542117364807,489.84014716725403,0.43859766724762034,-0.0386612522324197,-0.0077973314020125,1408.5683550383117,89.59461443719735
BGD.3.1.22.5_1,Ward No-26,Khilgaon,Dhaka,-1,unlabeled,0.7415578429194615,0.2584421570805385,Informal,0.24155784291946147,Moderate informal risk,0.9808956,Informal,True,0.2055320722275539,0.10521788352849425,-0.2055320722275539,29.843779191903188,2.4114958011463123,518.3529476422095,205.00313074850072,0.8977834910989054,-0.0306479225101239,-0.0019015313337923,2775.7868140818496,126.69406136302456
BGD.3.1.22.2_1,Nasirabad,Khilgaon,Dhaka,1,rule:formal,0.10701676700905545,0.8929832329909445,Formal,0.39298323299094456,Formal / planned,0.034507215,Formal,True,0.40610957296536715,0.22064191888149218,-0.40610957296536715,27.27604956753725,1.8527923904954182,487.249663224457,493.7199691594385,0.029016744742350244,-0.0596244058276726,0.0141209159900747,313.8072403978547,64.69356708325557
BGD.3.1.2.1_1,Badda,Badda,Dhaka,1,rule:formal,0.3780185579332721,0.6219814420667279,Formal,0.1219814420667279,Low informal risk,0.24961978,Formal,True,0.2563030038217061,0.13628141774994754,-0.2563030038217061,30.340159103572926,2.520311386484321,155.05183431735406,543.7746310334213,0.7592227078340148,-0.0486185714755399,0.0133135789411104,2848.5014948680478,105.4066428368312
BGD.3.1.33.3_1,Ward No-55,Ramna,Dhaka,-1,unlabeled,0.8249208554328425,0.17507914456715745,Informal,0.32492085543284255,High informal risk,0.5236835,Informal,True,0.2196342465367007,0.09833905670809774,-0.2196342465367007,29.719947065298374,2.3749787817958374,387.3121045983356,554.242073688999,0.8154711375212224,-0.0354613878094237,0.0162224956152781,3386.933538321981,110.63343995368116
BGD.3.1.42.2_1,Ward No-37,Tejgaon Ind. Area,Dhaka,1,thana:formal_anchor,0.04986706135433619,0.9501329386456638,Formal,0.45013293864566384,Formal / planned,0.9595235,Informal,False,0.2120185973013422,0.10308188681841564,-0.2120185973013422,30.873619686202908,2.42491855139428,497.0928016662598,210.5062722215924,0.7800659884520209,-0.0379242302048777,0.0116104871440175,801.9395378278012,396.3983042919451
BGD.3.1.34.1_1,Ward No-22,Rampura,Dhaka,-1,unlabeled,0.6296296323560164,0.37037036764398357,Informal,0.12962963235601643,Moderate informal risk,0.19564825,Formal,False,0.1831587621070162,0.08507064664963397,-0.1831587621070162,29.494253187637955,2.9437910150119238,429.04009471220127,516.401812046611,0.8721724137931034,-0.0440980520932644,0.0193456605727598,2877.5027171279658,133.52371365199434
BGD.3.1.2.6_1,Ward No-21,Badda,Dhaka,-1,unlabeled,0.8443066697195376,0.1556933302804624,Informal,0.3443066697195376,High informal risk,0.7556283,Informal,True,0.17460139102235814,0.08125498677027469,-0.17460139102235814,29.69400466011523,2.2981984497663066,170.2347732306762,399.639788395585,0.8897017445132246,-0.0351417244625427,0.00556630568383,2822.0309298389247,126.77480423920296
BGD.3.1.14.3_1,Ward No-20 (Part),Gulshan,Dhaka,1,thana:formal_anchor,0.3838777232933023,0.6161222767066977,Formal,0.11612227670669772,Low informal risk,0.5648433,Informal,False,0.24742771148196122,0.11814946120682521,-0.24742771148196122,30.212193678712868,2.6509102654968864,326.255810342986,101.98649054075437,0.796225937183384,-0.0295846953841946,0.0006850186218472,3066.3776612616152,103.4234581831775
BGD.3.1.14.2_1,Ward No-19,Gulshan,Dhaka,1,thana:formal_anchor,0.0377831325565404,0.9622168674434596,Formal,0.4622168674434596,Formal / planned,0.06265384,Formal,True,0.24135065147023063,0.11231210926788207,-0.24135065147023063,28.658590041625388,2.851687378198029,212.83266577635996,94.97069169602914,0.6887271768891752,-0.0368593935693188,0.0053092171388772,1839.715814300593,163.69047530596887
BGD.3.1.14.1_1,Ward No-18,Gulshan,Dhaka,1,thana:formal_anchor,0.10705723271869048,0.8929427672813095,Formal,0.3929427672813095,Formal / planned,0.10513079,Formal,True,0.2172761775391464,0.10488353868991632,-0.2172761775391464,29.53240122740296,2.510412843965734,241.19416184858844,119.75944867923172,0.8875007003193456,-0.0566858950985069,0.0259218865373379,1644.778572460124,199.6595957180843
BGD.3.1.5.2_1,Ward No-98 (Rest. Area),Cantonment,Dhaka,1,thana:formal_anchor,0.032805292035500255,0.9671947079644998,Formal,0.46719470796449974,Formal / planned,0.0027163029,Formal,True,0.3589008606829899,0.18159250101245702,-0.3589008606829899,29.318823426407274,2.5126667496275292,228.00376098263777,133.0204675725837,0.4402224666403802,-0.0482127490424816,0.0122293292260395,397.4542673327464,356.14562687570987
BGD.3.1.4.3_1,Ward No-98 (rest. Area),Biman Bandar,Dhaka,1,rule:formal,0.2759294821069165,0.7240705178930835,Formal,0.22407051789308352,Low informal risk,0.4895438,Formal,True,0.21991508898195294,0.12957001748490102,-0.21991508898195294,30.643666748036935,2.790627848825582,78.85574318087379,71.0205093216078,0.40332897327909617,-0.0572209720119339,0.0157387006709424,22.289278487302397,3278.600548344219
BGD.3.1.4.1_1,Dakshinkhan (part),Biman Bandar,Dhaka,-1,unlabeled,0.047783691123943275,0.9522163088760567,Formal,0.45221630887605674,Formal / planned,0.15290213,Formal,True,0.2380143868439662,0.12605410856650218,-0.2380143868439662,28.55270484074035,2.79723896833195,80.41578988771181,285.52646358736814,0.6557371581054036,-0.0945823998047439,0.0608281141699839,1986.1780968967275,110.95430262411344
BGD.3.1.2.4_1,Satarkul,Badda,Dhaka,1,rule:formal,0.10701372465213607,0.8929862753478639,Formal,0.3929862753478639,Formal / planned,0.05020976,Formal,True,0.27904443846594673,0.15217058369182007,-0.27904443846594673,28.846119112277954,1.8543993087289645,487.249663224457,417.63073149094987,0.10086296283908085,-0.0416234887879847,-0.0063512325656048,268.3329480991223,144.00474155275373
BGD.3.1.2.3_1,Bhatara,Badda,Dhaka,1,rule:formal,0.43741178854829393,0.562588211451706,Formal,0.06258821145170607,Low informal risk,0.3015508,Formal,True,0.21929934302634427,0.11969963148067063,-0.21929934302634427,30.20810097991532,2.2594915279290886,487.249663224457,674.3880392512746,0.5815293470652935,-0.037062094366262,-0.0064884900903174,1915.2911017440556,115.09418155192988
BGD.3.1.2.2_1,Beraid,Badda,Dhaka,1,rule:formal,0.12627630536986148,0.8737236946301385,Formal,0.37372369463013855,Formal / planned,0.68629634,Informal,False,0.25541631022996736,0.14814094767861385,-0.25541631022996736,30.017777131427053,1.7040466814387107,487.249663224457,262.81292615317307,0.08934748896576404,-0.0324214260028371,-0.0248759754797701,216.40209517526944,144.2280511455311
BGD.3.1.2.5_1,Ward No-17 (Part),Badda,Dhaka,-1,unlabeled,0.46026400062690015,0.5397359993730999,Formal,0.03973599937309985,Low informal risk,0.18563294,Formal,True,0.1854279311342751,0.09628942253397522,-0.1854279311342751,28.943928485717603,2.564920897112751,191.83211210415448,542.2558029718274,0.9048098901368987,-0.0462296818365761,0.0078756722050001,1870.1336579646477,175.52317901552112
BGD.3.1.23.3_1,Ward No-17 (Part),Khilkhet,Dhaka,-1,unlabeled,0.37986978098465535,0.6201302190153446,Formal,0.12013021901534465,Low informal risk,0.14045668,Formal,True,0.20821116321435656,0.11164976435889162,-0.20821116321435656,29.016594673834977,2.5835509831945513,487.249663224457,500.8104034695201,0.6909117625450004,-0.0653460141950619,0.024023136879707,1754.8456091261653,123.79794252074456
BGD.3.1.23.2_1,Dumni,Khilkhet,Dhaka,1,rule:formal,0.0317106725909856,0.9682893274090144,Formal,0.4682893274090144,Formal / planned,0.010688484,Formal,True,0.27592859394260144,0.1549137401361868,-0.27592859394260144,28.74309745888961,2.1562140322185974,487.249663224457,472.1035817293867,0.15927615806975484,-0.0531387637439305,-0.0207659734458553,397.5884137216835,108.18233494013882
BGD.3.1.23.1_1,Dakshinkhan (part),Khilkhet,Dhaka,1,rule:formal,0.06005055034403108,0.9399494496559689,Formal,0.43994944965596894,Formal / planned,0.007415116,Formal,True,0.3402071363636433,0.17659304217354177,-0.3402071363636433,28.20419112028654,2.2911906333365573,487.249663224457,538.4816784124263,0.1606917557699415,-0.0673227692011207,-0.0021607557195556,591.2676809524728,111.98764952158533
BGD.3.1.7.1_1,Dakshinkhan (Part),Dakshinkhan,Dhaka,1,rule:formal,0.10706403797461551,0.8929359620253845,Formal,0.3929359620253845,Formal / planned,0.035693765,Formal,True,0.32152865002772907,0.16171170533927226,-0.32152865002772907,28.17431886438266,2.219732482795421,87.22469014089181,328.0818675966104,0.5898250878509101,-0.0773468798295453,0.0252776302645625,2162.556830134832,107.39221298968648
BGD.3.1.45.1_1,Uttar Khan,Uttar Khan,Dhaka,1,rule:formal,0.10322958570944554,0.8967704142905545,Formal,0.3967704142905545,Formal / planned,0.0057594776,Formal,True,0.48827162536035396,0.25157880079157924,-0.48827162536035396,27.055562641953735,2.567796696988978,487.249663224457,551.5475402085412,0.18496879096796917,-0.0972857823402388,0.0044886815162696,787.9580365378514,107.7277719853748
BGD.3.1.4.2_1,Ward No-01,Biman Bandar,Dhaka,-1,unlabeled,0.04884743196684346,0.9511525680331565,Formal,0.4511525680331565,Formal / planned,0.56278247,Informal,False,0.1530661785176822,0.08174814672573753,-0.1530661785176822,29.67043221515158,2.3649384570844245,246.75923317357115,94.78590076327778,0.9989130434782608,-0.0877906554622501,0.0508194557535126,1336.7192624345607,247.1591463075154
BGD.3.1.46.1_1,Ward No-01,Uttara,Dhaka,1,thana:formal_anchor,0.20913528091674588,0.7908647190832541,Formal,0.2908647190832541,Formal / planned,0.11967814,Formal,True,0.20237985428174082,0.1012487314307124,-0.20237985428174082,28.92306695849573,2.553088019035546,390.4999453094729,225.10974512754265,0.874462402100593,-0.0535326552675317,0.0128248212893106,1938.496835397283,181.1608918241253
BGD.3.1.10.6_1,Dhamrai,Dhamrai,Dhaka,1,rule:formal,0.04941779303757569,0.9505822069624243,Formal,0.4505822069624243,Formal / planned,0.0031656623,Formal,True,0.4564491979173972,0.23863743056510392,-0.4564491979173972,26.899630400608693,2.913856454164236,2.7694647131964216,155.64264407015875,0.04270341057905825,-0.1302880251513327,0.0456306278410096,477.96616222915287,65.68038380206711
BGD.3.1.10.8_1,Gangutia,Dhamrai,Dhaka,1,rule:formal,0.0970443356944219,0.902955664305578,Formal,0.4029556643055781,Formal / planned,0.0032655597,Formal,True,0.5200295291352665,0.27019694720953946,-0.5200295291352665,27.215478531391266,2.257545005235854,16.863416480029233,10.280808861362038,0.04846747218240153,-0.1393152705036928,-0.093816078585163,0.0,0.0
BGD.3.1.10.14_1,Sanora,Dhamrai,Dhaka,1,rule:formal,0.09563207920096424,0.9043679207990357,Formal,0.4043679207990358,Formal / planned,0.0032655597,Formal,True,0.5289251408548697,0.2717958491330003,-0.5289251408548697,26.749406995876946,2.4181670625100096,14.229713250548526,8.212406605493857,0.01501652085926377,-0.1376252482729186,-0.0837366989700417,0.0,0.0
BGD.3.1.10.4_1,Bhararia,Dhamrai,Dhaka,1,rule:formal,0.08764759365897168,0.9123524063410283,Formal,0.4123524063410283,Formal / planned,0.0043052435,Formal,True,0.4334924708938571,0.22026071900259264,-0.4334924708938571,26.7703151955662,2.419101508913575,487.249663224457,113.85322717560052,0.014154710991133084,-0.1229934260553786,-0.0383299124694283,209.887096308563,43.27894313504314
BGD.3.1.10.11_1,Kushura,Dhamrai,Dhaka,1,rule:formal,0.09928683531691301,0.900713164683087,Formal,0.400713164683087,Formal / planned,0.0032655597,Formal,True,0.5388176678443859,0.269428315944956,-0.5388176678443859,26.754031143580733,2.314844119645013,9.334833877074894,55.311724982783936,0.007937303062131373,-0.1369807060577365,-0.096770979981054,0.0,0.0
BGD.3.1.10.3_1,Balia,Dhamrai,Dhaka,1,rule:formal,0.09500419645050698,0.904995803549493,Formal,0.40499580354949305,Formal / planned,0.0032655597,Formal,True,0.5604135902370068,0.2784134330369266,-0.5604135902370068,26.542402146150174,2.272552543173719,6.195463691636865,80.48299622340923,0.0065769710140295935,-0.1294700822935427,-0.0849412662519588,0.0,0.0
BGD.3.1.10.1_1,Amta,Dhamrai,Dhaka,1,rule:formal,0.10704193101226052,0.8929580689877394,Formal,0.3929580689877395,Formal / planned,0.0032655597,Formal,True,0.544734724831455,0.27059716586715543,-0.544734724831455,26.559542058379456,2.2750935417843086,15.242482521932876,7.93617685196213,0.011739135356645574,-0.1171040580603809,-0.1011961137801255,0.0,0.0
BGD.3.1.36.11_1,Shimulia,Savar,Dhaka,1,rule:formal,0.08696124871801103,0.913038751281989,Formal,0.41303875128198897,Formal / planned,0.0041738153,Formal,True,0.49875784850723576,0.2574908611413728,-0.49875784850723576,27.063487690402578,2.857861291746679,487.249663224457,174.94438482253904,0.06729770215827785,-0.1296444318207459,-0.0495095909413893,587.7570371575385,74.6550442855889
BGD.3.1.10.2_1,Baisakanda,Dhamrai,Dhaka,1,rule:formal,0.10703910398436478,0.8929608960156352,Formal,0.3929608960156352,Formal / planned,0.0032655597,Formal,True,0.5433373178846801,0.267443126615356,-0.5433373178846801,26.457853323198233,2.3956955021802244,11.665077969451424,5.006370415726639,0.0019181176871763176,-0.1647581786018091,-0.0884553763042778,0.0,0.0
BGD.3.1.10.9_1,Jadabpur,Dhamrai,Dhaka,1,rule:formal,0.10145862769460898,0.898541372305391,Formal,0.398541372305391,Formal / planned,0.0032655597,Formal,True,0.5812362122565656,0.28757930042267826,-0.5812362122565656,26.612298976812607,2.19589886550275,7.814461865076205,71.44206404398412,0.0012523481527864746,-0.162182974352287,-0.0770335826284111,0.0,0.0
BGD.3.1.10.5_1,Chauhat,Dhamrai,Dhaka,1,rule:formal,0.10703855785996398,0.892961442140036,Formal,0.39296144214003603,Formal / planned,0.029943526,Formal,True,0.5716727490423975,0.2785224072783818,-0.5716727490423975,26.65017567984281,2.326904497059858,487.249663224457,128.3291246782274,0.6898194697170879,-0.1385093244292024,-0.0944052693935239,0.0,0.0
