GID_4,NAME_4,NAME_3,NAME_2,ndvi_mean,savi_mean,ndbi_mean,lst_mean,slope_mean,pop_mean,pop_std,built_fraction
BGD.3.1.12.5_1,Muksudpur,Dohar,Dhaka,0.340329648503397,0.20000056197811472,-0.340329648503397,25.864224132723688,1.4823329915258618,487.249663224457,480.53908669780424,0.017274542586254788
BGD.3.1.12.6_1,Narisha,Dohar,Dhaka,0.3710593895125869,0.20786284355886211,-0.3710593895125869,26.324028162163643,1.6631546328872358,487.249663224457,411.37054408550154,0.02084309636922548
BGD.3.1.12.4_1,Mahmudpur,Dohar,Dhaka,-0.05262748833691066,-0.0010852471366097072,0.05262748833691066,25.097976021861214,1.3832524290648227,487.249663224457,493.99533139159496,5.5617471586958984e-05
BGD.3.1.29.6_1,Churain,Nawabganj,Dhaka,0.5806664385955438,0.3299041493460293,-0.5806664385955438,26.930458453240707,1.8008737081164206,487.249663224457,484.47214186616407,0.007486539165241548
BGD.3.1.12.1_1,Bilaspur,Dohar,Dhaka,0.3745674889986834,0.2176682995504821,-0.3745674889986834,27.299399837654605,2.082947241656414,487.249663224457,303.06704584334466,0.009155661889459652
BGD.3.1.12.9_1,Sutar Para,Dohar,Dhaka,0.49955341400392955,0.2761438201564723,-0.49955341400392955,27.269946445642717,2.0046566633698943,3.919033247053289,141.36811243528703,0.013852713723991593
BGD.3.1.12.2_1,Dohar Paurashava,Dohar,Dhaka,0.495072943058784,0.26867287462073963,-0.495072943058784,27.536292811950915,2.227847975150434,27.75752045942946,90.99066874618475,0.054552387512607936
BGD.3.1.29.7_1,Galimpur,Nawabganj,Dhaka,0.5465241910300751,0.2951680507299449,-0.5465241910300751,26.993232395935202,2.012111951461679,487.249663224457,441.62757813054736,0.008361525289228585
BGD.3.1.12.3_1,Kushumhati,Dohar,Dhaka,0.445946166648998,0.25781132712617644,-0.445946166648998,27.45582526465372,2.231104260004788,487.249663224457,236.60743004221976,0.0066161824451795755
BGD.3.1.12.8_1,Roypara,Dohar,Dhaka,0.5521047358052439,0.3040630712291674,-0.5521047358052439,27.39706109615583,2.553826329594631,31.29744195771384,10.143535290713382,0.013317087401966674
BGD.3.1.29.2_1,Bakshanagar,Nawabganj,Dhaka,0.5285087263057755,0.2872907227882633,-0.5285087263057755,27.351564282494593,2.1748477991426514,487.249663224457,227.2641300837703,0.02696928782622071
BGD.3.1.29.1_1,Agla,Nawabganj,Dhaka,0.5525687516982684,0.2970856140785301,-0.5525687516982684,27.1963295758257,1.8128362523177752,14.558274626145277,35.61849225019344,0.004687172824061894
BGD.3.1.29.11_1,Kalakopa,Nawabganj,Dhaka,0.5092185737194762,0.2790484356575343,-0.5092185737194762,27.506826143169267,2.2494136807456093,487.249663224457,204.0546186654679,0.047695977584531306
BGD.3.1.12.7_1,Nayabari,Dohar,Dhaka,0.11809013891530241,0.08938449347148522,-0.11809013891530241,25.49940605085961,1.8712051274970032,487.249663224457,464.880437969954,0.005023112296459304
BGD.3.1.29.3_1,Bandura,Nawabganj,Dhaka,0.5123163967506467,0.27886505849537696,-0.5123163967506467,27.55510749127105,2.4097966667314394,487.249663224457,225.3560456073949,0.015817744026671608
BGD.3.1.29.4_1,Barrah,Nawabganj,Dhaka,0.5490439207407466,0.31405939520963017,-0.5490439207407466,27.74874784912581,2.0398654511719783,16.56716473230393,50.61146987793712,0.006052077297351986
BGD.3.1.29.5_1,Baruakhali,Nawabganj,Dhaka,0.5304604652515078,0.30645510031200607,-0.5304604652515078,27.92362825037871,2.190920310032259,487.249663224457,140.77968087956035,0.004246042488921819
BGD.3.1.29.8_1,Jantrail,Nawabganj,Dhaka,0.5328688430358606,0.29717461598995143,-0.5328688430358606,27.617614257183913,2.157099896860079,487.249663224457,171.9460383110105,0.003902305795110324
BGD.3.1.29.10_1,Kailail,Nawabganj,Dhaka,0.5593965196654256,0.33389094890480014,-0.5593965196654256,28.25789713435491,1.7285507542855099,487.249663224457,138.58024745992049,0.007260761849269746
BGD.3.1.29.9_1,Joykrishnapur,Nawabganj,Dhaka,0.4517519906223773,0.26576411882592255,-0.4517519906223773,27.855724206917735,2.220292342106242,487.249663224457,194.42424938133416,0.0044811583261954195
BGD.3.1.21.2_1,Basta,Keraniganj,Dhaka,0.4769778636155858,0.27612106526077246,-0.4769778636155858,29.602190871022668,1.8062246063621208,487.249663224457,184.9907756578561,0.06309076220894362
BGD.3.1.21.7_1,Ruhitpur,Keraniganj,Dhaka,0.5018056772442328,0.28687026057416487,-0.5018056772442328,28.462528902366497,1.7720839776931023,487.249663224457,259.68404668750486,0.04733592800445804
BGD.3.1.21.5_1,Kalindi,Keraniganj,Dhaka,0.324872643343059,0.1818413332615389,-0.324872643343059,30.091418555514466,1.9467226371494444,487.249663224457,331.4675799926083,0.34728435226605214
BGD.3.1.21.4_1,Kalatia,Keraniganj,Dhaka,0.5528103711507828,0.31831323799900085,-0.5528103711507828,28.390795439634196,1.8664804425301347,487.249663224457,240.3164218465537,0.02182852878831985
BGD.3.1.21.8_1,Sakta,Keraniganj,Dhaka,0.44886452277701044,0.2582113486912314,-0.44886452277701044,29.319640074857723,1.8704317186236854,487.249663224457,254.80568750039765,0.19207335543112328
BGD.3.1.25.6_1,Ward No-91,Lalbagh,Dhaka,0.19900091559641994,0.0986493370342237,-0.19900091559641994,31.596492101947025,1.8618685512067257,535.6381064492303,397.84747334895604,0.983362578800286
BGD.3.1.15.3_1,Ward No-58,Hazaribagh,Dhaka,0.22010700265422795,0.11571487116460666,-0.22010700265422795,32.071739300250144,2.472518151886455,123.21151455588962,605.1883003383347,0.8624574829931972
BGD.3.1.15.2_1,Ward No-48 (Part),Hazaribagh,Dhaka,0.22789970834465587,0.120631156602577,-0.22789970834465587,31.766110773166687,2.4749942533562255,487.249663224457,771.5081674322781,0.7917333807744766
BGD.3.1.21.3_1,Hazratpur,Keraniganj,Dhaka,0.5304783469738656,0.30957876028162445,-0.5304783469738656,28.190278783660624,1.9756580071490497,487.249663224457,260.608086636849,0.029686310794072437
BGD.3.1.21.10_1,Taranagar,Keraniganj,Dhaka,0.49025283556964966,0.2907267803910926,-0.49025283556964966,29.02315405193789,1.883569293999408,487.249663224457,127.18390008088578,0.0627122997133436
BGD.3.1.19.1_1,Ward No-50,Kalabagan,Dhaka,0.15787215549927539,0.07650776207923432,-0.15787215549927539,30.006683864252036,2.793076146907688,672.1178955078125,118.52875423037337,0.9970904207699194
BGD.3.1.19.2_1,Ward No-51 (Part),Kalabagan,Dhaka,0.1971070175045322,0.0909192766109896,-0.1971070175045322,29.892371967213798,2.661931531097012,503.5899354958836,147.6690356080909,0.9883071326490841
BGD.3.1.11.3_1,Ward No-49,Dhanmondi,Dhaka,0.2531334429385517,0.11889177019075806,-0.2531334429385517,29.537265217980522,2.6054331092875613,749.9674151449492,279.5244997508602,0.8383048448962872
BGD.3.1.27.6_1,Ward No-51(part),Mohammadpur,Dhaka,0.25292403371346117,0.1146137107803364,-0.25292403371346117,29.79324294966881,2.640229846682274,585.6823655614313,137.17553921303804,0.8607322325915291
BGD.3.1.43.2_1,Ward No-39,Tejgaon,Dhaka,0.20971284036170676,0.102168330686778,-0.20971284036170676,30.175071333638332,3.1137122534962773,487.249663224457,108.76603360904754,0.8773650048335865
BGD.3.1.43.3_1,Ward No-40 (Part),Tejgaon,Dhaka,0.24170522095166969,0.11730368528708722,-0.24170522095166969,29.90910794184758,2.82388493963858,263.7435370551215,115.43171660186715,0.9038285400256457
BGD.3.1.39.1_1,Ward No-40 (Part),Sher-e-bangla Nagar,Dhaka,0.35198211122551293,0.17571977405574818,-0.35198211122551293,29.808837475575604,3.07754990987772,332.3031119144324,199.2700155874111,0.4808057772709996
BGD.3.1.42.3_1,Ward No-38 (Part),Tejgaon Ind. Area,Dhaka,0.16629219681970656,0.08194394903405318,-0.16629219681970656,31.342945608512434,2.4016478922632007,564.6249418036882,52.03578615336652,0.9902439024390244
BGD.3.1.43.1_1,Ward No-38 (Part),Tejgaon,Dhaka,0.27117452126566277,0.13162509807533648,-0.27117452126566277,30.266997726734164,2.678327298973162,313.9529303454478,144.974542875935,0.8156838254973682
BGD.3.1.42.1_1,Ward No-20 (Part),Tejgaon Ind. Area,Dhaka,0.1602578971002783,0.08252047768660954,-0.1602578971002783,31.527627182006835,3.768441515426113,403.860116141183,43.78970572056662,0.9836683417085427
BGD.3.1.11.1_1,Ward No-47 (Part),Dhanmondi,Dhaka,0.19363371843549734,0.09454042594491814,-0.19363371843549734,30.467267846067745,1.9356868919509147,915.1408233642578,251.65988521354396,0.9579696830500689
BGD.3.1.15.1_1,Ward No-46 (Part),Hazaribagh,Dhaka,0.25447944661286886,0.13435204584665728,-0.25447944661286886,29.805361297635013,2.152082634778584,487.249663224457,324.9573221171057,0.7578241430700448
BGD.3.1.27.5_1,Ward No-47(part),Mohammadpur,Dhaka,0.28506485061485687,0.1453541817436041,-0.28506485061485687,30.739026377023745,2.549125757938853,487.249663224457,865.3713085237322,0.6269828423438005
BGD.3.1.27.4_1,Ward No-46,Mohammadpur,Dhaka,0.22793636746240528,0.11924953800609986,-0.22793636746240528,30.04140505026231,1.9943832895531728,487.249663224457,740.2520893721451,0.7873897684820453
BGD.3.1.27.2_1,Ward No-44,Mohammadpur,Dhaka,0.2103012252660071,0.09756522868744663,-0.2103012252660071,30.171451318459432,2.404201970863342,1287.9122643103967,90.76783503965149,0.9544138929088278
BGD.3.1.27.3_1,Ward No-45,Mohammadpur,Dhaka,0.26992326244632825,0.12828887567981406,-0.26992326244632825,29.773082705328257,2.360849731605389,949.6884189381319,289.45781980689094,0.8366093366093366
BGD.3.1.1.2_1,Ward No-46,Adabor,Dhaka,0.1749835478271856,0.08713765410605327,-0.1749835478271856,30.80934146023536,2.4232693869222173,272.71128657826205,1104.244846860188,0.9828871568959675
BGD.3.1.36.4_1,Bhakurta,Savar,Dhaka,0.4946127229223718,0.29350067067252544,-0.4946127229223718,28.424337005113617,1.9888066976814904,487.249663224457,245.15906629607846,0.053726757384210684
BGD.3.1.27.1_1,Ward No-42,Mohammadpur,Dhaka,0.19560455576967947,0.09253348992240447,-0.19560455576967947,30.329316738954525,2.24837448416854,1351.0801124572754,141.13599125669617,0.9700731834814428
BGD.3.1.1.1_1,Ward No-43,Adabor,Dhaka,0.18283513417440775,0.088821539034753,-0.18283513417440775,30.871098715894835,2.592980513385134,979.3178654898585,771.0655388715412,0.9675972300857977
BGD.3.1.36.1_1,Amin Bazar,Savar,Dhaka,0.2722805964422283,0.14740774506872117,-0.2722805964422283,29.155533972882875,2.100765918881274,487.249663224457,395.6502032879015,0.11740463386440167
BGD.3.1.26.2_1,Ward No-11,Mirpur,Dhaka,0.25008926616426097,0.11543212320917008,-0.25008926616426097,30.28099480177227,2.34710432850814,663.769355158652,269.0778897764458,0.8636044607346175
BGD.3.1.8.1_1,Ward No-09,Darus Salam,Dhaka,0.23227077573046578,0.1217419726737253,-0.23227077573046578,30.85479410276308,2.313682259943063,487.249663224457,616.9205717730479,0.6546393754612188
BGD.3.1.8.2_1,Ward No-10,Darus Salam,Dhaka,0.27732222664157646,0.1404255916533781,-0.27732222664157646,30.841111639677923,2.7812104295616042,177.85371798404807,718.6821391862587,0.6762973472634249
BGD.3.1.26.3_1,Ward No-12,Mirpur,Dhaka,0.2307891558924489,0.11075659629525986,-0.2307891558924489,30.09889946708871,2.398651094686862,859.514664904906,242.34498324048423,0.9047080238106951
BGD.3.1.26.4_1,Ward No-13,Mirpur,Dhaka,0.20339491770894333,0.09604533107751512,-0.20339491770894333,30.245707918134816,1.9544416300801408,859.027074656767,220.59318024727864,0.9835695999388636
BGD.3.1.36.12_1,Tetuljhora,Savar,Dhaka,0.4315012754835027,0.2519999720462509,-0.4315012754835027,29.47306899877649,2.1987212544537327,487.249663224457,372.2850677967241,0.3424516505666242
BGD.3.1.26.1_1,Ward No-07 (Part),Mirpur,Dhaka,0.25163481058938414,0.12273014260056705,-0.25163481058938414,30.141636487860797,2.2606892326021666,649.369029296875,129.88134854289646,0.9091056515040947
BGD.3.1.36.7_1,Kaundia,Savar,Dhaka,0.4609337989067363,0.2619821185827678,-0.4609337989067363,27.84881430838306,1.9491983910560675,487.249663224457,370.34887444670966,0.09067246231864545
BGD.3.1.37.1_1,Ward No-08,Shah Ali,Dhaka,0.3572473211373602,0.1810178840027324,-0.3572473211373602,28.825583921160018,3.5248178855990857,487.249663224457,549.860650265327,0.4387485311398355
BGD.3.1.39.2_1,Ward No-41,Sher-e-bangla Nagar,Dhaka,0.22586817029100584,0.11268502995820649,-0.22586817029100584,30.16572508869401,2.321983359461306,605.2209908270066,216.6555670061692,0.8821907640103918
BGD.3.1.18.4_1,Ward No-16,Kafrul,Dhaka,0.25772602788560606,0.13859506760361529,-0.25772602788560606,30.786565537910302,3.2575802027085135,409.16161031274464,318.1656209919314,0.5758922172853662
BGD.3.1.26.5_1,Ward No-14 (part),Mirpur,Dhaka,0.18985230271680725,0.09092006805998958,-0.18985230271680725,30.31384094795882,1.994021019332834,904.6934897104899,133.27253997008816,0.9971434401142624
BGD.3.1.18.2_1,Ward No-14 (part),Kafrul,Dhaka,0.19895286982156293,0.09499968253106637,-0.19895286982156293,30.386086630566968,1.8238682931965324,919.8680627893518,144.06336626105383,0.9913942724905987
BGD.3.1.18.3_1,Ward No-15 (part),Kafrul,Dhaka,0.295482546966837,0.15023683208667815,-0.295482546966837,30.506436557621342,2.6098942041811277,242.26888323797695,557.6113672811049,0.6690903906472768
BGD.3.1.18.1_1,Ward No-04,Kafrul,Dhaka,0.24912775765470643,0.12672305843955622,-0.24912775765470643,30.372016284200882,2.9683691907291885,185.8509539481921,764.5610752156443,0.8217741114166413
BGD.3.1.31.2_1,Ward No-03,Pallabi,Dhaka,0.20277086022436183,0.09751024791772986,-0.20277086022436183,30.954623666001762,2.3579497097326176,785.6470108652503,134.90443551819456,0.9824009041737305
BGD.3.1.31.3_1,Ward No-05,Pallabi,Dhaka,0.2001067958234411,0.09957601254429482,-0.2001067958234411,31.519937302496803,2.7193949068807495,525.9458986170151,623.8858679977108,0.9589420800369579
BGD.3.1.5.1_1,Ward No-15 (part),Cantonment,Dhaka,0.3601360574980986,0.1889680403921816,-0.3601360574980986,29.182838137088876,2.9365526835651266,487.249663224457,540.8290577545137,0.4640075014425851
BGD.3.1.31.5_1,Ward No-15 (part),Pallabi,Dhaka,0.3650730462501483,0.19558854588285834,-0.3650730462501483,28.871694215488084,3.4177931807559836,487.249663224457,582.8257152332953,0.4578267885960194
BGD.3.1.29.12_1,Nayansree,Nawabganj,Dhaka,0.5159459026424911,0.27882660333908793,-0.5159459026424911,27.45891237660114,2.3544315236100664,487.249663224457,168.12878419381346,0.0036627521789427795
BGD.3.1.29.13_1,Shikari Para,Nawabganj,Dhaka,0.5249273450011311,0.2904034141984949,-0.5249273450011311,27.548456973815895,2.2513855705364545,487.249663224457,140.04386681173085,0.0028863761683356366
BGD.3.1.29.14_1,Sholla,Nawabganj,Dhaka,0.5244037457615337,0.29260069296093616,-0.5244037457615337,27.81853193976172,2.1421633927406383,487.249663224457,179.76319967674004,0.004341661888416737
BGD.3.1.10.13_1,Rowail,Dhamrai,Dhaka,0.513579852407783,0.28820623469929263,-0.513579852407783,27.471425361423666,2.1977774196309645,12.069068282957408,5.894966084946059,0.007167540062276904
BGD.3.1.10.10_1,Kulla,Dhamrai,Dhaka,0.42976233278142206,0.23337047038165967,-0.42976233278142206,27.348010090188986,2.4624128409329242,6.864703357274834,77.36466290776845,0.01749977728386827
BGD.3.1.10.16_1,Suapur,Dhamrai,Dhaka,0.5333358994013008,0.28372264971631844,-0.5333358994013008,27.359909298998765,2.233650246473946,11.733199146815709,6.178845085355467,0.0068373195104891316
BGD.3.1.10.12_1,Nannar,Dhamrai,Dhaka,0.518080625879094,0.27061822928504264,-0.518080625879094,27.250444841539903,2.1971177360061516,487.249663224457,154.00176891199646,0.009550597276670991
BGD.3.1.10.7_1,Dhamrai Paurashava,Dhamrai,Dhaka,0.3770212599688717,0.19897662093447838,-0.3770212599688717,28.392907570487733,2.952394046404855,60.301615660110215,33.65379151881285,0.3719134738670674
BGD.3.1.10.17_1,Suti Para,Dhamrai,Dhaka,0.49550856913513713,0.25809382166579836,-0.49550856913513713,27.526503999493404,2.3013922682268784,10.809026264508566,79.29628224054996,0.046936638501610214
BGD.3.1.10.15_1,Sombhag,Dhamrai,Dhaka,0.4718138086660621,0.2446475522435203,-0.4718138086660621,27.112555647859867,2.5483912001842093,12.586894435306924,65.44913052656204,0.02863343244952708
BGD.3.1.36.3_1,Banagram,Savar,Dhaka,0.5095334057520924,0.29312549582261926,-0.5095334057520924,28.215594240975314,2.461501848163521,487.249663224457,363.65788815303665,0.05843787370741201
BGD.3.1.31.4_1,Ward No-06,Pallabi,Dhaka,0.27457712922724864,0.14191935411768092,-0.27457712922724864,29.685586375166956,2.7360328341699436,132.72275671872225,535.4630946471698,0.6836111160311023
BGD.3.1.31.1_1,Ward No-02,Pallabi,Dhaka,0.22042491128638836,0.11059728669767667,-0.22042491128638836,29.503987616972367,2.614294456173343,245.19165437759892,575.6507035097119,0.6968157288477924
BGD.3.1.36.10_1,Savar Paurashava,Savar,Dhaka,0.442111344416812,0.23573373244583992,-0.442111344416812,28.672300361750885,2.6365510742190414,23.592386190400738,225.2481556026829,0.4340127107631971
BGD.3.1.36.5_1,Biralia,Savar,Dhaka,0.4822748132860283,0.2742135603821842,-0.4822748132860283,28.453329463509974,2.4716914760297928,487.249663224457,441.1728040069674,0.05317127119281028
BGD.3.1.44.1_1,Harirampur (Part),Turag,Dhaka,0.3055143809217231,0.1650279280966832,-0.3055143809217231,29.438986908928126,2.326739165589074,487.249663224457,578.0345393577842,0.3313744859603665
BGD.3.1.36.9_1,Savar,Savar,Dhaka,0.5476936054265096,0.2904450864412694,-0.5476936054265096,27.879713200463435,2.6749017415060736,24.84485385219256,15.420055875244932,0.11363892792303038
BGD.3.1.36.8_1,Pathalia(part),Savar,Dhaka,0.5051957844541822,0.26992731943241444,-0.5051957844541822,27.66761394470731,3.1237531370688765,487.249663224457,246.7575916751811,0.13764973348871865
BGD.3.1.36.2_1,Ashulia,Savar,Dhaka,0.44962765082365125,0.2435248421697594,-0.44962765082365125,28.682054751511224,2.5096356623774043,487.249663224457,373.3225181168822,0.2893780585253752
BGD.3.1.36.13_1,Yearpur,Savar,Dhaka,0.4483997714511997,0.2332670710398352,-0.4483997714511997,28.008408213760102,2.628066576499642,487.249663224457,452.68498443314746,0.3156812061820428
BGD.3.1.36.6_1,Dhamsana,Savar,Dhaka,0.469755477674925,0.24540745151743756,-0.469755477674925,28.194710565971477,3.0586295325350337,487.249663224457,331.72927624710735,0.32795157123797086
BGD.3.1.21.6_1,Konda,Keraniganj,Dhaka,0.3506734166822254,0.20124245471356514,-0.3506734166822254,29.914931748857224,1.962339525086234,487.249663224457,496.11649888478416,0.1765734748039881
BGD.3.1.17.3_1,Shyampur,Kadamtali,Dhaka,0.21750873890826594,0.1101887122708052,-0.21750873890826594,29.923784199557353,2.042137473513833,104.28354932472459,654.8745962652653,0.5893222464198509
BGD.3.1.17.2_1,Matuail (part),Kadamtali,Dhaka,0.2757103461071082,0.14078220022652985,-0.2757103461071082,28.712221486655203,1.8060296941260607,386.7245417074724,278.32365417206324,0.6339720868409393
BGD.3.1.17.5_1,Ward No-89,Kadamtali,Dhaka,0.15137820251581607,0.07092909002740308,-0.15137820251581607,31.20284317945488,1.5775056464582602,555.9207545150945,121.02844648936494,0.9956421740709357
BGD.3.1.40.3_1,Ward No-90,Shyampur,Dhaka,0.1803386833811744,0.0881886178163693,-0.1803386833811744,32.142116843091415,1.8204623703987142,355.96935149370614,112.33785254887765,0.923988726790451
BGD.3.1.40.1_1,Ward No-83,Shyampur,Dhaka,0.19763258404508824,0.09538866764445615,-0.19763258404508824,31.159620609635727,2.8254000236168793,266.95783674860576,341.96542656505056,0.8852896783931267
BGD.3.1.17.1_1,Dhania(part),Kadamtali,Dhaka,0.15038208785132046,0.07673403226909649,-0.15038208785132046,29.55802016415076,1.6382141269940949,978.6723169514553,304.718253494328,0.9629441107604602
BGD.3.1.9.2_1,Matuail (part),Demra,Dhaka,0.24261220958722282,0.12798359320469926,-0.24261220958722282,28.962997744781802,1.8627902209921612,167.30388585075002,78.2618281758175,0.6477954287566866
BGD.3.1.17.4_1,Ward No-88,Kadamtali,Dhaka,0.14217714346747212,0.06879781121064305,-0.14217714346747212,31.87597268149409,1.64049321799475,513.2526769805373,257.6640342656638,0.9963918455709905
BGD.3.1.16.1_1,Dhania(part),Jatrabari,Dhaka,0.13952385425315303,0.06807969254726301,-0.13952385425315303,30.57853386700434,1.7340171261247235,1001.2924022832193,238.012631852354,0.9873596673596674
BGD.3.1.21.11_1,Tegharia,Keraniganj,Dhaka,0.40832993240172905,0.23401576070490884,-0.40832993240172905,30.54356175378975,1.8028424723491092,13.150918089166037,55.88825185554132,0.14833711577612388
BGD.3.1.21.9_1,Subhadya (Part),Keraniganj,Dhaka,0.28466518628056076,0.15467160240502958,-0.28466518628056076,30.97528231336428,2.1295203272580214,487.249663224457,335.6215511589945,0.40881722434523254
BGD.3.1.21.12_1,Zinjira,Keraniganj,Dhaka,0.18784686491515387,0.0893830607281967,-0.18784686491515387,29.509723962164397,2.101377444264722,487.249663224457,524.9118384282675,0.6865337870685464
BGD.3.1.3.2_1,Ward No-66 (Part),Bangshal,Dhaka,0.18152674169916855,0.08905262888262147,-0.18152674169916855,30.507345621209396,3.6858352384668716,492.8247324625651,171.77738751270002,0.9725022914757103
BGD.3.1.6.4_1,Ward No-66 (Part),Chak Bazar,Dhaka,0.14082366424861928,0.06916383211828873,-0.14082366424861928,31.478564504166723,3.2854135309656463,724.8132678616431,286.24451497179587,0.9956440572495333
BGD.3.1.20.1_1,Sultanganj,Kamrangir Char,Dhaka,0.18613708552527314,0.09281894457901534,-0.18613708552527314,31.037159619982077,2.133453392943568,19.109145159697412,634.7957648668364,0.8159964605250222
BGD.3.1.6.3_1,Ward No-65,Chak Bazar,Dhaka,0.1561473393487355,0.07541397911110605,-0.1561473393487355,31.86319112539688,2.8605181520023653,922.4749353582209,404.69667326265505,0.9649941656942824
BGD.3.1.25.7_1,Ward No-92,Lalbagh,Dhaka,0.20808768389694937,0.10735653707715366,-0.20808768389694937,31.70920658832233,2.0387375198956925,769.9553682096712,358.3287480486462,0.8882949103463638
BGD.3.1.6.5_1,Ward No-67 (Part),Chak Bazar,Dhaka,0.2707113499839466,0.12998741673537717,-0.2707113499839466,29.919577485837113,2.940454121173164,1268.6951053503788,167.13220885921152,0.6717044500419815
BGD.3.1.25.3_1,Ward No-60,Lalbagh,Dhaka,0.16908841570819844,0.0821147924502981,-0.16908841570819844,32.03575311871809,2.536857144005837,748.0614767974278,484.1006626574569,0.9884446074834923
BGD.3.1.13.4_1,Ward No-82,Gendaria,Dhaka,0.21061200509359548,0.09853080864791032,-0.21061200509359548,30.1278015094799,2.490118238441182,66.78074545230506,589.7837241385469,0.8974457461110045
BGD.3.1.21.1_1,Aganagar,Keraniganj,Dhaka,0.20749471298796474,0.10423826231722912,-0.20749471298796474,30.538989137417254,2.0403006445983416,180.4089779494396,274.1947675193381,0.8533494876066434
BGD.3.1.41.5_1,Ward No-79,Sutrapur,Dhaka,0.17368786503006572,0.08179753625139534,-0.17368786503006572,30.348759249637002,2.941616087100085,127.77101787220349,510.0055418861933,0.9793594306049822
BGD.3.1.13.3_1,Ward No-81,Gendaria,Dhaka,0.1555150216629607,0.07551663765000517,-0.1555150216629607,30.734850205605795,2.3351597093223107,470.6418287004743,81.81403815400704,0.9540183926429429
BGD.3.1.24.4_1,Ward No-73,Kotwali,Dhaka,0.21124443107873053,0.10120310514368376,-0.21124443107873053,30.560391891061965,3.6067388836391747,751.2243075163468,515.7470873486274,0.901561144839549
BGD.3.1.41.6_1,Ward No-80 (Part),Sutrapur,Dhaka,0.1673365760676182,0.07717305832426913,-0.1673365760676182,30.16472117570195,2.6947240816603464,723.647331237793,58.96297479126658,0.9416393442622951
BGD.3.1.13.2_1,Ward No-80 (Part),Gendaria,Dhaka,0.12868515675997033,0.0614478087381405,-0.12868515675997033,30.453378060284784,2.4055201902109036,558.4388776506696,18.776284809932704,0.8346456692913385
BGD.3.1.41.4_1,Ward No-78,Sutrapur,Dhaka,0.1551286933883544,0.07217114743205809,-0.1551286933883544,30.0562987789031,2.1354404179379345,550.4126470229205,118.15489349272099,0.9771493858897458
BGD.3.1.24.1_1,Ward No-68 (Part),Kotwali,Dhaka,0.15264393311464092,0.0729254785093289,-0.15264393311464092,30.178149362212245,3.5404992929526737,1072.4235096807065,348.18206808911185,0.9427083333333334
BGD.3.1.24.3_1,Ward No-72,Kotwali,Dhaka,0.15254860679404095,0.06857331079215957,-0.15254860679404095,30.08368269296793,2.5759653930373037,1615.081610107422,244.4108886263397,0.9860406091370558
BGD.3.1.40.2_1,Ward No-87,Shyampur,Dhaka,0.14019174240171828,0.0680789198925711,-0.14019174240171828,31.851686720985445,1.8221702414220877,466.532986896794,80.05239947598787,0.989835430784124
BGD.3.1.16.6_1,Ward No-86,Jatrabari,Dhaka,0.15397391828173157,0.07488893330248907,-0.15397391828173157,31.267319146324606,1.9726409606833373,490.18104704299776,111.53193914226964,0.8925355213127877
BGD.3.1.9.3_1,Saralia,Demra,Dhaka,0.25828672918090523,0.1317543636684545,-0.25828672918090523,29.28917763516364,2.0280502303530756,157.77021685588002,352.03927371278115,0.652726735099058
BGD.3.1.16.3_1,Ward No-76 (Part),Jatrabari,Dhaka,0.1642365806869098,0.07708225925526922,-0.1642365806869098,31.56289252023848,1.592378394170241,543.1636301676432,35.753715073615126,1.0
BGD.3.1.16.4_1,Ward No-84,Jatrabari,Dhaka,0.13467728966534287,0.06665258023673132,-0.13467728966534287,31.79156001528403,2.129120112899982,525.9757765866398,90.77110537624755,0.9964935349550734
BGD.3.1.16.2_1,Matuail (part),Jatrabari,Dhaka,0.2557157612051244,0.13636479437241017,-0.2557157612051244,30.37133608632762,2.0461400237993574,113.44505455798672,524.1141963114508,0.5667747328364137
BGD.3.1.16.5_1,Ward No-85,Jatrabari,Dhaka,0.2670525677985699,0.14166949118291544,-0.2670525677985699,31.286711937454623,2.3636116459349954,348.85845428259194,153.98851244659903,0.6656247876605287
BGD.3.1.35.6_1,Ward No-30,Sabujbagh,Dhaka,0.19181176357083907,0.09346447774806496,-0.19181176357083907,30.96578635922261,2.215000968732332,833.1476085429289,274.92834796991286,0.9582300209803548
BGD.3.1.35.2_1,Manda,Sabujbagh,Dhaka,0.3543906610422447,0.19341598858598802,-0.3543906610422447,29.608396971655672,2.221049541835578,199.11758383161072,513.4526344746623,0.5429527490913287
BGD.3.1.35.5_1,Ward No-29,Sabujbagh,Dhaka,0.19094422715302756,0.0920960899475499,-0.19094422715302756,30.330720695518178,2.222376965125288,747.7688489082532,268.3321704856039,0.9405735046062021
BGD.3.1.13.1_1,Ward No-76 (Part),Gendaria,Dhaka,0.2093701343288395,0.09566731211632046,-0.2093701343288395,30.49504352327603,2.0937941363693153,528.8772774973223,74.28341333029171,0.8647669247240982
BGD.3.1.24.2_1,Ward No-71 (Part),Kotwali,Dhaka,0.1118860090220416,0.05328514564920355,-0.1118860090220416,30.306652704874676,2.9323117307254245,1740.904052734375,42.640869140625,0.996969696969697
BGD.3.1.3.4_1,Ward No-68 (part),Bangshal,Dhaka,0.1439930964599956,0.06799098479025292,-0.1439930964599956,30.007756435509883,2.131602510981176,1565.4259914822048,288.22353617534134,0.9946149703823371
BGD.3.1.3.3_1,Ward No-67 (part),Bangshal,Dhaka,0.19370181125123054,0.09151820925762877,-0.19370181125123054,30.008576730887096,2.445314243739965,1066.4253207120028,215.67467728936063,0.9558823529411765
BGD.3.1.41.3_1,Ward No-77,Sutrapur,Dhaka,0.15371725307190204,0.07129983439504563,-0.15371725307190204,30.23718278042905,2.369898612050572,621.3472528076172,81.28792746248627,0.9471601029091629
BGD.3.1.3.7_1,Ward No-71 (Part),Bangshal,Dhaka,0.13087888730438887,0.06076490291863257,-0.13087888730438887,30.675264142083783,2.3085726166535103,1970.5313682556152,232.99569038919688,0.9765424164524421
BGD.3.1.41.1_1,Ward No-74,Sutrapur,Dhaka,0.14373830582770666,0.06502492892927622,-0.14373830582770666,30.884243121986227,2.3727392999775416,667.6490648057726,133.48089591334994,0.9928945400149589
BGD.3.1.41.2_1,Ward No-75,Sutrapur,Dhaka,0.18684557349812048,0.08753349188295648,-0.18684557349812048,30.940499357802874,2.418272848038031,434.0667704920615,122.57256691709598,0.9457867713681667
BGD.3.1.3.6_1,Ward No-70,Bangshal,Dhaka,0.1419162981152215,0.0639985591652566,-0.1419162981152215,30.554579328276198,2.438430686843613,2145.3344279963794,359.2118456986294,0.9908558030480656
BGD.3.1.3.5_1,Ward No-69,Bangshal,Dhaka,0.1562918511164539,0.07015756304905403,-0.1562918511164539,30.102117758171232,2.183119500864227,2064.1153989045515,243.38245437403944,0.9970117395944503
BGD.3.1.6.2_1,Ward No-64,Chak Bazar,Dhaka,0.1688966596600159,0.07687708952052649,-0.1688966596600159,30.30845584425815,2.5971936435078296,1068.9589209923377,341.3267741712682,0.994107452339688
BGD.3.1.25.4_1,Ward No-61,Lalbagh,Dhaka,0.20027492514206408,0.10195536753720297,-0.20027492514206408,30.59918061063982,2.3112344642261884,1098.0305708342908,428.5397591048091,0.8952603861907549
BGD.3.1.3.1_1,Ward No-63 (Part),Bangshal,Dhaka,0.18067613065890645,0.07852772194082322,-0.18067613065890645,30.021315429521643,1.9191995606474255,1662.3423706054687,142.329026428285,0.9980638915779284
BGD.3.1.6.1_1,Ward No-63 (Part),Chak Bazar,Dhaka,0.270783597426541,0.1263578253064575,-0.270783597426541,29.799472979327152,1.9204874206233669,1023.6250580578316,290.34324975004694,0.8205378973105134
BGD.3.1.25.1_1,Ward No-56 (Part),Lalbagh,Dhaka,0.3260377746534674,0.15886157332626108,-0.3260377746534674,29.787413505658712,2.056679878064564,530.8463973999023,101.82964047896536,0.6363636363636364
BGD.3.1.25.2_1,Ward No-59,Lalbagh,Dhaka,0.27831791305704734,0.13482736277397175,-0.27831791305704734,30.144771465262455,2.1412710564223345,845.9746052135121,326.5545219166915,0.7854452312791924
BGD.3.1.25.5_1,Ward No-62,Lalbagh,Dhaka,0.2832848421424123,0.1356525373324173,-0.2832848421424123,29.515920097609442,2.3733114210903183,830.6163221276324,451.0698256051926,0.7132307692307692
BGD.3.1.30.1_1,Ward No-52,New Market,Dhaka,0.33286639831992826,0.16244384499810144,-0.33286639831992826,29.663753009455807,2.5337504694594135,442.0084965644191,130.9951754892775,0.6208413926499032
BGD.3.1.11.2_1,Ward No-48 (Part),Dhanmondi,Dhaka,0.20800040893630894,0.10018920592249256,-0.20800040893630894,30.360649827408466,2.1542627081606125,954.787646484375,202.12157796109437,0.9624924379915305
BGD.3.1.38.2_1,Ward No-57,Shahbagh,Dhaka,0.3302345494647602,0.1538931017366303,-0.3302345494647602,29.493502170436987,2.886633009568771,460.47921204411125,129.07995303076035,0.6354476165870042
BGD.3.1.28.2_1,Ward No-32,Motijheel,Dhaka,0.2478542889126091,0.11164187563246944,-0.2478542889126091,30.64497130793384,4.381818885575396,459.4286356999324,119.85340674491479,0.7365875774520175
BGD.3.1.38.1_1,Ward No-56(part),Shahbagh,Dhaka,0.33054710224112754,0.15323544325314795,-0.33054710224112754,29.516639995789536,2.967233873556073,338.9519460027489,200.20902510672875,0.5445901453224341
BGD.3.1.32.1_1,Ward No-36,Paltan,Dhaka,0.1695357341917323,0.08337462223138235,-0.1695357341917323,30.250218976059337,3.289904035781146,578.522154908743,194.05641315529923,0.9430747144373011
BGD.3.1.28.3_1,Ward No-33,Motijheel,Dhaka,0.2966942034040888,0.1347562092511604,-0.2966942034040888,29.82746439377467,2.515144012731836,490.70375343605326,117.01286765005042,0.7912390029325513
BGD.3.1.28.4_1,Ward No-34,Motijheel,Dhaka,0.24922450627346882,0.11788783063232611,-0.24922450627346882,29.8694612789385,2.7508306412409382,850.122363476043,280.63306915101913,0.818968279397629
BGD.3.1.33.1_1,Ward No-53,Ramna,Dhaka,0.28172109899767506,0.12412393492743458,-0.28172109899767506,29.295435599747375,3.181070559873318,506.0007637793865,198.21598975621134,0.7217375499818248
BGD.3.1.28.5_1,Ward No-35,Motijheel,Dhaka,0.16018633664820064,0.07670385718066879,-0.16018633664820064,30.165331175538146,2.334421915411949,1095.689051772609,127.5164400522851,0.9757639620653319
BGD.3.1.22.3_1,Ward No-24,Khilgaon,Dhaka,0.1916156733683018,0.08949339900734937,-0.1916156733683018,30.09204275343153,2.3270698285306426,725.3422129755435,133.46177384642078,0.9176944158958548
BGD.3.1.33.2_1,Ward No-54,Ramna,Dhaka,0.2047130360749374,0.0902891903842811,-0.2047130360749374,29.45971947742356,3.16792230430837,468.8558181504072,145.5493705318799,0.821640903686088
BGD.3.1.34.2_1,Ward No-23,Rampura,Dhaka,0.18968005919387576,0.08995578687253133,-0.18968005919387576,29.889919201624878,2.614194907432192,627.9425309957917,149.1619263021536,0.8855225701504676
BGD.3.1.28.1_1,Ward No-31,Motijheel,Dhaka,0.23965857984372357,0.11223363303592312,-0.23965857984372357,31.470142419199277,2.778465589784113,696.2186881889731,188.0112498534097,0.7637044880671173
BGD.3.1.35.4_1,Ward No-28,Sabujbagh,Dhaka,0.2563155249474858,0.12493622550028695,-0.2563155249474858,29.528085514890762,2.2828304067567013,577.7120767073197,242.96562091052309,0.8743578452957581
BGD.3.1.35.1_1,Dakshingaon (Part),Sabujbagh,Dhaka,0.3993505363684662,0.21901928347202557,-0.3993505363684662,28.38316913433681,2.0197762238019603,21.215093538742657,483.9397116978356,0.27777564717162034
BGD.3.1.9.1_1,Demra (part),Demra,Dhaka,0.35957248657203494,0.19627922119213959,-0.35957248657203494,28.124442247886815,2.1200456106426286,487.249663224457,396.8472613357833,0.11465292163616528
BGD.3.1.35.3_1,Ward No-27,Sabujbagh,Dhaka,0.20899154938529974,0.09981671984029192,-0.20899154938529974,29.961303186901844,2.0756974067811234,876.5496453179253,138.41328387822728,0.9680472415466753
BGD.3.1.22.4_1,Ward No-25,Khilgaon,Dhaka,0.18743033007026055,0.0887375851561167,-0.18743033007026055,30.13964506143899,1.772801852653963,825.536983457934,139.27686343794807,0.9919260862327285
BGD.3.1.22.1_1,Dakshingaon (Part),Khilgaon,Dhaka,0.305934397259754,0.16609039758092578,-0.305934397259754,29.38269031660932,2.0457683480171225,158.57542117364807,489.84014716725403,0.43859766724762034
BGD.3.1.22.5_1,Ward No-26,Khilgaon,Dhaka,0.2055320722275539,0.10521788352849425,-0.2055320722275539,29.843779191903188,2.4114958011463123,518.3529476422095,205.00313074850072,0.8977834910989054
BGD.3.1.22.2_1,Nasirabad,Khilgaon,Dhaka,0.40610957296536715,0.22064191888149218,-0.40610957296536715,27.27604956753725,1.8527923904954182,487.249663224457,493.7199691594385,0.029016744742350244
BGD.3.1.2.1_1,Badda,Badda,Dhaka,0.2563030038217061,0.13628141774994754,-0.2563030038217061,30.340159103572926,2.520311386484321,155.05183431735406,543.7746310334213,0.7592227078340148
BGD.3.1.33.3_1,Ward No-55,Ramna,Dhaka,0.2196342465367007,0.09833905670809774,-0.2196342465367007,29.719947065298374,2.3749787817958374,387.3121045983356,554.242073688999,0.8154711375212224
BGD.3.1.42.2_1,Ward No-37,Tejgaon Ind. Area,Dhaka,0.2120185973013422,0.10308188681841564,-0.2120185973013422,30.873619686202908,2.42491855139428,497.0928016662598,210.5062722215924,0.7800659884520209
BGD.3.1.34.1_1,Ward No-22,Rampura,Dhaka,0.1831587621070162,0.08507064664963397,-0.1831587621070162,29.494253187637955,2.9437910150119238,429.04009471220127,516.401812046611,0.8721724137931034
BGD.3.1.2.6_1,Ward No-21,Badda,Dhaka,0.17460139102235814,0.08125498677027469,-0.17460139102235814,29.69400466011523,2.2981984497663066,170.2347732306762,399.639788395585,0.8897017445132246
BGD.3.1.14.3_1,Ward No-20 (Part),Gulshan,Dhaka,0.24742771148196122,0.11814946120682521,-0.24742771148196122,30.212193678712868,2.6509102654968864,326.255810342986,101.98649054075437,0.796225937183384
BGD.3.1.14.2_1,Ward No-19,Gulshan,Dhaka,0.24135065147023063,0.11231210926788207,-0.24135065147023063,28.658590041625388,2.851687378198029,212.83266577635996,94.97069169602914,0.6887271768891752
BGD.3.1.14.1_1,Ward No-18,Gulshan,Dhaka,0.2172761775391464,0.10488353868991632,-0.2172761775391464,29.53240122740296,2.510412843965734,241.19416184858844,119.75944867923172,0.8875007003193456
BGD.3.1.5.2_1,Ward No-98 (Rest. Area),Cantonment,Dhaka,0.3589008606829899,0.18159250101245702,-0.3589008606829899,29.318823426407274,2.5126667496275292,228.00376098263777,133.0204675725837,0.4402224666403802
BGD.3.1.4.3_1,Ward No-98 (rest. Area),Biman Bandar,Dhaka,0.21991508898195294,0.12957001748490102,-0.21991508898195294,30.643666748036935,2.790627848825582,78.85574318087379,71.0205093216078,0.40332897327909617
BGD.3.1.4.1_1,Dakshinkhan (part),Biman Bandar,Dhaka,0.2380143868439662,0.12605410856650218,-0.2380143868439662,28.55270484074035,2.79723896833195,80.41578988771181,285.52646358736814,0.6557371581054036
BGD.3.1.2.4_1,Satarkul,Badda,Dhaka,0.27904443846594673,0.15217058369182007,-0.27904443846594673,28.846119112277954,1.8543993087289645,487.249663224457,417.63073149094987,0.10086296283908085
BGD.3.1.2.3_1,Bhatara,Badda,Dhaka,0.21929934302634427,0.11969963148067063,-0.21929934302634427,30.20810097991532,2.2594915279290886,487.249663224457,674.3880392512746,0.5815293470652935
BGD.3.1.2.2_1,Beraid,Badda,Dhaka,0.25541631022996736,0.14814094767861385,-0.25541631022996736,30.017777131427053,1.7040466814387107,487.249663224457,262.81292615317307,0.08934748896576404
BGD.3.1.2.5_1,Ward No-17 (Part),Badda,Dhaka,0.1854279311342751,0.09628942253397522,-0.1854279311342751,28.943928485717603,2.564920897112751,191.83211210415448,542.2558029718274,0.9048098901368987
BGD.3.1.23.3_1,Ward No-17 (Part),Khilkhet,Dhaka,0.20821116321435656,0.11164976435889162,-0.20821116321435656,29.016594673834977,2.5835509831945513,487.249663224457,500.8104034695201,0.6909117625450004
BGD.3.1.23.2_1,Dumni,Khilkhet,Dhaka,0.27592859394260144,0.1549137401361868,-0.27592859394260144,28.74309745888961,2.1562140322185974,487.249663224457,472.1035817293867,0.15927615806975484
BGD.3.1.23.1_1,Dakshinkhan (part),Khilkhet,Dhaka,0.3402071363636433,0.17659304217354177,-0.3402071363636433,28.20419112028654,2.2911906333365573,487.249663224457,538.4816784124263,0.1606917557699415
BGD.3.1.7.1_1,Dakshinkhan (Part),Dakshinkhan,Dhaka,0.32152865002772907,0.16171170533927226,-0.32152865002772907,28.17431886438266,2.219732482795421,87.22469014089181,328.0818675966104,0.5898250878509101
BGD.3.1.45.1_1,Uttar Khan,Uttar Khan,Dhaka,0.48827162536035396,0.25157880079157924,-0.48827162536035396,27.055562641953735,2.567796696988978,487.249663224457,551.5475402085412,0.18496879096796917
BGD.3.1.4.2_1,Ward No-01,Biman Bandar,Dhaka,0.1530661785176822,0.08174814672573753,-0.1530661785176822,29.67043221515158,2.3649384570844245,246.75923317357115,94.78590076327778,0.9989130434782608
BGD.3.1.46.1_1,Ward No-01,Uttara,Dhaka,0.20237985428174082,0.1012487314307124,-0.20237985428174082,28.92306695849573,2.553088019035546,390.4999453094729,225.10974512754265,0.874462402100593
BGD.3.1.10.6_1,Dhamrai,Dhamrai,Dhaka,0.4564491979173972,0.23863743056510392,-0.4564491979173972,26.899630400608693,2.913856454164236,2.7694647131964216,155.64264407015875,0.04270341057905825
BGD.3.1.10.8_1,Gangutia,Dhamrai,Dhaka,0.5200295291352665,0.27019694720953946,-0.5200295291352665,27.215478531391266,2.257545005235854,16.863416480029233,10.280808861362038,0.04846747218240153
BGD.3.1.10.14_1,Sanora,Dhamrai,Dhaka,0.5289251408548697,0.2717958491330003,-0.5289251408548697,26.749406995876946,2.4181670625100096,14.229713250548526,8.212406605493857,0.01501652085926377
BGD.3.1.10.4_1,Bhararia,Dhamrai,Dhaka,0.4334924708938571,0.22026071900259264,-0.4334924708938571,26.7703151955662,2.419101508913575,487.249663224457,113.85322717560052,0.014154710991133084
BGD.3.1.10.11_1,Kushura,Dhamrai,Dhaka,0.5388176678443859,0.269428315944956,-0.5388176678443859,26.754031143580733,2.314844119645013,9.334833877074894,55.311724982783936,0.007937303062131373
BGD.3.1.10.3_1,Balia,Dhamrai,Dhaka,0.5604135902370068,0.2784134330369266,-0.5604135902370068,26.542402146150174,2.272552543173719,6.195463691636865,80.48299622340923,0.0065769710140295935
BGD.3.1.10.1_1,Amta,Dhamrai,Dhaka,0.544734724831455,0.27059716586715543,-0.544734724831455,26.559542058379456,2.2750935417843086,15.242482521932876,7.93617685196213,0.011739135356645574
BGD.3.1.36.11_1,Shimulia,Savar,Dhaka,0.49875784850723576,0.2574908611413728,-0.49875784850723576,27.063487690402578,2.857861291746679,487.249663224457,174.94438482253904,0.06729770215827785
BGD.3.1.10.2_1,Baisakanda,Dhamrai,Dhaka,0.5433373178846801,0.267443126615356,-0.5433373178846801,26.457853323198233,2.3956955021802244,11.665077969451424,5.006370415726639,0.0019181176871763176
BGD.3.1.10.9_1,Jadabpur,Dhamrai,Dhaka,0.5812362122565656,0.28757930042267826,-0.5812362122565656,26.612298976812607,2.19589886550275,7.814461865076205,71.44206404398412,0.0012523481527864746
BGD.3.1.10.5_1,Chauhat,Dhamrai,Dhaka,0.5716727490423975,0.2785224072783818,-0.5716727490423975,26.65017567984281,2.326904497059858,487.249663224457,128.3291246782274,0.6898194697170879
