GID_4,NAME_4,NAME_3,NAME_2,ndvi_mean,savi_mean,ndbi_mean,lst_mean,slope_mean,pop_mean,pop_std,built_fraction,ghsl_built_density,s2_ndbi_mean,s2_mndwi_mean,osm_building_density,osm_mean_building_area
BGD.3.1.12.5_1,Muksudpur,Dohar,Dhaka,0.340329648503397,0.2000005619781147,-0.340329648503397,25.864224132723688,1.4823329915258618,487.249663224457,480.5390866978042,0.0172745425862547,,-0.12254377679897602,0.07191031598859655,2.445038775762858,64.48734948002797
BGD.3.1.12.6_1,Narisha,Dohar,Dhaka,0.3710593895125869,0.2078628435588621,-0.3710593895125869,26.324028162163643,1.6631546328872358,487.249663224457,411.3705440855016,0.0208430963692254,,-0.09424236211710343,0.024625044085602954,0.0,0.0
BGD.3.1.12.4_1,Mahmudpur,Dohar,Dhaka,-0.0526274883369106,-0.0010852471366097,0.0526274883369106,25.09797602186121,1.3832524290648227,487.249663224457,493.99533139159496,5.561747158695898e-05,,-0.12027685381894564,0.10548420533821166,0.0,0.0
BGD.3.1.29.6_1,Churain,Nawabganj,Dhaka,0.5806664385955438,0.3299041493460293,-0.5806664385955438,26.930458453240707,1.8008737081164206,487.249663224457,484.47214186616407,0.0074865391652415,,-0.08345151290768489,0.013306796569778876,89.81548824818377,75.02010044374582
BGD.3.1.12.1_1,Bilaspur,Dohar,Dhaka,0.3745674889986834,0.2176682995504821,-0.3745674889986834,27.299399837654605,2.082947241656414,487.249663224457,303.06704584334466,0.0091556618894596,,-0.1027592333493163,0.02095590335389644,0.0,0.0
BGD.3.1.12.9_1,Sutar Para,Dohar,Dhaka,0.4995534140039295,0.2761438201564723,-0.4995534140039295,27.26994644564272,2.0046566633698943,3.919033247053289,141.36811243528703,0.0138527137239915,,-0.10912582351232118,0.010578287558418978,0.0,0.0
BGD.3.1.12.2_1,Dohar Paurashava,Dohar,Dhaka,0.495072943058784,0.2686728746207396,-0.495072943058784,27.536292811950915,2.227847975150434,27.75752045942946,90.99066874618477,0.0545523875126079,,-0.10457641524618368,0.00700867085315265,0.0,0.0
BGD.3.1.29.7_1,Galimpur,Nawabganj,Dhaka,0.5465241910300751,0.2951680507299449,-0.5465241910300751,26.9932323959352,2.012111951461679,487.249663224457,441.62757813054736,0.0083615252892285,,-0.09512491820853118,0.012369479866096317,48.33173813816504,117.94183227647272
BGD.3.1.12.3_1,Kushumhati,Dohar,Dhaka,0.445946166648998,0.2578113271261764,-0.445946166648998,27.45582526465372,2.231104260004788,487.249663224457,236.60743004221976,0.0066161824451795,,-0.10493963520024838,0.003934889127090639,0.0,0.0
BGD.3.1.12.8_1,Roypara,Dohar,Dhaka,0.5521047358052439,0.3040630712291674,-0.5521047358052439,27.39706109615583,2.553826329594631,31.29744195771384,10.143535290713382,0.0133170874019666,,-0.1160939053102311,0.003711182421950664,0.0,0.0
BGD.3.1.29.2_1,Bakshanagar,Nawabganj,Dhaka,0.5285087263057755,0.2872907227882633,-0.5285087263057755,27.351564282494596,2.174847799142652,487.249663224457,227.2641300837703,0.0269692878262207,,-0.09929624563950373,0.013054318191138548,2.4771099863422656,148.8755393033538
BGD.3.1.29.1_1,Agla,Nawabganj,Dhaka,0.5525687516982684,0.2970856140785301,-0.5525687516982684,27.1963295758257,1.8128362523177752,14.558274626145275,35.61849225019344,0.0046871728240618,,-0.08230452731474457,0.004360142825161897,75.26228922438645,105.52323772204032
BGD.3.1.29.11_1,Kalakopa,Nawabganj,Dhaka,0.5092185737194762,0.2790484356575343,-0.5092185737194762,27.506826143169267,2.2494136807456093,487.249663224457,204.0546186654679,0.0476959775845313,,-0.11175251184470654,0.0133759348403736,0.0,0.0
BGD.3.1.12.7_1,Nayabari,Dohar,Dhaka,0.1180901389153024,0.0893844934714852,-0.1180901389153024,25.49940605085961,1.8712051274970032,487.249663224457,464.880437969954,0.0050231122964593,,-0.08975900048365672,-0.047751005858731314,0.0,0.0
BGD.3.1.29.3_1,Bandura,Nawabganj,Dhaka,0.5123163967506467,0.2788650584953769,-0.5123163967506467,27.55510749127105,2.4097966667314394,487.249663224457,225.3560456073949,0.0158177440266716,,-0.11665074959042357,0.0029462939913624704,0.0,0.0
BGD.3.1.29.4_1,Barrah,Nawabganj,Dhaka,0.5490439207407466,0.3140593952096301,-0.5490439207407466,27.74874784912581,2.0398654511719783,16.56716473230393,50.61146987793712,0.0060520772973519,,-0.08763741068374628,0.001976132826604139,13.392526127634126,104.87378698969133
BGD.3.1.29.5_1,Baruakhali,Nawabganj,Dhaka,0.5304604652515078,0.306455100312006,-0.5304604652515078,27.92362825037871,2.190920310032259,487.249663224457,140.77968087956037,0.0042460424889218,,-0.11438597040273453,-0.009809497232967163,0.0,0.0
BGD.3.1.29.8_1,Jantrail,Nawabganj,Dhaka,0.5328688430358606,0.2971746159899514,-0.5328688430358606,27.617614257183916,2.157099896860079,487.249663224457,171.9460383110105,0.0039023057951103,,-0.11214328255128263,-0.0017567612779968039,0.0,0.0
BGD.3.1.29.10_1,Kailail,Nawabganj,Dhaka,0.5593965196654256,0.3338909489048001,-0.5593965196654256,28.25789713435491,1.72855075428551,487.249663224457,138.58024745992049,0.0072607618492697,,-0.08176817349175386,-0.00012181524476570027,8.17117944897909,49.840069294679864
BGD.3.1.29.9_1,Joykrishnapur,Nawabganj,Dhaka,0.4517519906223773,0.2657641188259225,-0.4517519906223773,27.85572420691773,2.220292342106242,487.249663224457,194.42424938133416,0.0044811583261954,,-0.12789218522376133,-0.002140998954249227,0.0,0.0
BGD.3.1.21.2_1,Basta,Keraniganj,Dhaka,0.4769778636155858,0.2761210652607724,-0.4769778636155858,29.602190871022668,1.8062246063621208,487.249663224457,184.9907756578561,0.0630907622089436,,-0.06635819834572516,0.014830885095155583,428.1813878084137,48.591618782454795
BGD.3.1.21.7_1,Ruhitpur,Keraniganj,Dhaka,0.5018056772442328,0.2868702605741648,-0.5018056772442328,28.462528902366497,1.7720839776931023,487.249663224457,259.68404668750486,0.047335928004458,,-0.0675565592470971,0.0028863280804833865,591.6415778202681,51.202007037078566
BGD.3.1.21.5_1,Kalindi,Keraniganj,Dhaka,0.324872643343059,0.1818413332615389,-0.324872643343059,30.091418555514466,1.9467226371494444,487.249663224457,331.4675799926083,0.3472843522660521,,-0.048254512663616946,0.0050398404010232895,1319.2209531604276,89.040891789036
BGD.3.1.21.4_1,Kalatia,Keraniganj,Dhaka,0.5528103711507828,0.3183132379990008,-0.5528103711507828,28.3907954396342,1.866480442530135,487.249663224457,240.3164218465537,0.0218285287883198,,-0.0845731713457155,0.004465035654879857,602.0699964913397,49.2997263164985
BGD.3.1.21.8_1,Sakta,Keraniganj,Dhaka,0.4488645227770104,0.2582113486912314,-0.4488645227770104,29.319640074857723,1.8704317186236852,487.249663224457,254.80568750039765,0.1920733554311232,,-0.050357566022657306,-0.005763048963873502,992.8588158675133,66.40660880647461
BGD.3.1.25.6_1,Ward No-91,Lalbagh,Dhaka,0.1990009155964199,0.0986493370342237,-0.1990009155964199,31.596492101947025,1.8618685512067257,535.6381064492303,397.847473348956,0.983362578800286,,-0.05051878406524112,0.012705618388917367,6180.344740333795,67.47566919315852
BGD.3.1.15.3_1,Ward No-58,Hazaribagh,Dhaka,0.2201070026542279,0.1157148711646066,-0.2201070026542279,32.071739300250144,2.472518151886455,123.21151455588962,605.1883003383347,0.8624574829931972,,-0.04108526951465226,0.0019820409008569763,2698.029607380155,106.99960402441764
BGD.3.1.15.2_1,Ward No-48 (Part),Hazaribagh,Dhaka,0.2278997083446558,0.120631156602577,-0.2278997083446558,31.766110773166687,2.474994253356225,487.249663224457,771.5081674322781,0.7917333807744766,,-0.03252918951118784,0.0041795986768372465,3025.8672815360223,110.08843435179325
BGD.3.1.21.3_1,Hazratpur,Keraniganj,Dhaka,0.5304783469738656,0.3095787602816244,-0.5304783469738656,28.190278783660624,1.9756580071490497,487.249663224457,260.608086636849,0.0296863107940724,,-0.0980983788099546,0.022471616484287235,431.6747782438919,61.02440704175587
BGD.3.1.21.10_1,Taranagar,Keraniganj,Dhaka,0.4902528355696496,0.2907267803910926,-0.4902528355696496,29.02315405193789,1.883569293999408,487.249663224457,127.18390008088578,0.0627122997133436,,-0.09449399223324656,-0.001662779215887983,785.316204765429,55.61390856926255
BGD.3.1.19.1_1,Ward No-50,Kalabagan,Dhaka,0.1578721554992753,0.0765077620792343,-0.1578721554992753,30.00668386425204,2.793076146907688,672.1178955078125,118.52875423037337,0.9970904207699194,,-0.03387644576850365,0.013274552921746627,2877.8969810029193,167.46527608400604
BGD.3.1.19.2_1,Ward No-51 (Part),Kalabagan,Dhaka,0.1971070175045322,0.0909192766109896,-0.1971070175045322,29.8923719672138,2.661931531097012,503.5899354958836,147.6690356080909,0.988307132649084,,-0.03995489532000174,0.012751548604992419,2045.2239329673137,216.26738099520682
BGD.3.1.11.3_1,Ward No-49,Dhanmondi,Dhaka,0.2531334429385517,0.118891770190758,-0.2531334429385517,29.53726521798052,2.6054331092875613,749.9674151449492,279.5244997508602,0.8383048448962872,,-0.04005546468591181,0.017772349175061188,1142.5401997557765,316.3763479774525
BGD.3.1.27.6_1,Ward No-51(part),Mohammadpur,Dhaka,0.2529240337134611,0.1146137107803364,-0.2529240337134611,29.79324294966881,2.640229846682274,585.6823655614313,137.17553921303804,0.8607322325915291,,-0.03510080493561645,0.014613036370209193,2066.5943230716102,178.4058508452881
BGD.3.1.43.2_1,Ward No-39,Tejgaon,Dhaka,0.2097128403617067,0.102168330686778,-0.2097128403617067,30.17507133363833,3.1137122534962773,487.249663224457,108.76603360904754,0.8773650048335865,,-0.039189061414753285,0.012178429334865041,1814.8762856809408,175.8510936062391
BGD.3.1.43.3_1,Ward No-40 (Part),Tejgaon,Dhaka,0.2417052209516696,0.1173036852870872,-0.2417052209516696,29.90910794184758,2.82388493963858,263.7435370551215,115.43171660186717,0.9038285400256456,,-0.05196674551215637,0.029123687791580172,1462.391781553865,243.97438912807957
BGD.3.1.39.1_1,Ward No-40 (Part),Sher-e-bangla Nagar,Dhaka,0.3519821112255129,0.1757197740557481,-0.3519821112255129,29.808837475575604,3.07754990987772,332.3031119144324,199.2700155874111,0.4808057772709996,,-0.04008048679920671,0.013520199587442803,672.1504429230515,270.82709007675777
BGD.3.1.42.3_1,Ward No-38 (Part),Tejgaon Ind. Area,Dhaka,0.1662921968197065,0.0819439490340531,-0.1662921968197065,31.342945608512437,2.4016478922632007,564.6249418036882,52.03578615336652,0.9902439024390244,,-0.058528491135521735,0.03500424982320026,3387.4748243324075,137.01137882381013
BGD.3.1.43.1_1,Ward No-38 (Part),Tejgaon,Dhaka,0.2711745212656627,0.1316250980753364,-0.2711745212656627,30.266997726734164,2.678327298973162,313.9529303454478,144.974542875935,0.8156838254973682,,-0.05388261595686231,0.028821606651242223,1904.8583306101043,151.84477669975655
BGD.3.1.42.1_1,Ward No-20 (Part),Tejgaon Ind. Area,Dhaka,0.1602578971002783,0.0825204776866095,-0.1602578971002783,31.527627182006835,3.768441515426113,403.860116141183,43.78970572056662,0.9836683417085428,,-0.05923539072392615,0.019783542443561924,1771.7765249172364,179.2026579503767
BGD.3.1.11.1_1,Ward No-47 (Part),Dhanmondi,Dhaka,0.1936337184354973,0.0945404259449181,-0.1936337184354973,30.467267846067745,1.9356868919509147,915.1408233642578,251.659885213544,0.9579696830500688,,-0.033057210071071604,0.018113148257864507,3341.951142132665,136.70642616152637
BGD.3.1.15.1_1,Ward No-46 (Part),Hazaribagh,Dhaka,0.2544794466128688,0.1343520458466572,-0.2544794466128688,29.805361297635013,2.152082634778584,487.249663224457,324.9573221171057,0.7578241430700448,,-0.03259698003148685,0.0023370129724164007,2102.8455493451684,113.57095883539658
BGD.3.1.27.5_1,Ward No-47(part),Mohammadpur,Dhaka,0.2850648506148568,0.1453541817436041,-0.2850648506148568,30.739026377023745,2.549125757938853,487.249663224457,865.3713085237322,0.6269828423438005,,-0.030252778844437486,0.006928013262812115,2779.6909207583535,107.89990025223466
BGD.3.1.27.4_1,Ward No-46,Mohammadpur,Dhaka,0.2279363674624052,0.1192495380060998,-0.2279363674624052,30.04140505026231,1.9943832895531728,487.249663224457,740.2520893721451,0.7873897684820453,,-0.04126130228555142,0.019457339547437696,2396.05620647025,131.00153844747945
BGD.3.1.27.2_1,Ward No-44,Mohammadpur,Dhaka,0.2103012252660071,0.0975652286874466,-0.2103012252660071,30.171451318459432,2.404201970863342,1287.9122643103967,90.76783503965147,0.9544138929088278,,-0.045356423761031765,0.032368937486233484,3685.7525107548017,124.97252781281868
BGD.3.1.27.3_1,Ward No-45,Mohammadpur,Dhaka,0.2699232624463282,0.128288875679814,-0.2699232624463282,29.773082705328257,2.360849731605389,949.688418938132,289.45781980689094,0.8366093366093366,,-0.0439343654870113,0.024855174676853397,1275.314776435509,272.38362503177785
BGD.3.1.1.2_1,Ward No-46,Adabor,Dhaka,0.1749835478271856,0.0871376541060532,-0.1749835478271856,30.80934146023536,2.4232693869222173,272.71128657826205,1104.244846860188,0.9828871568959676,,-0.027713942912987496,0.02178752173550918,3735.113638788951,118.16537806027598
BGD.3.1.36.4_1,Bhakurta,Savar,Dhaka,0.4946127229223718,0.2935006706725254,-0.4946127229223718,28.424337005113617,1.9888066976814904,487.249663224457,245.1590662960785,0.0537267573842106,,-0.08733893517747633,0.02903518711516494,542.8560921882746,60.57805190876509
BGD.3.1.27.1_1,Ward No-42,Mohammadpur,Dhaka,0.1956045557696794,0.0925334899224044,-0.1956045557696794,30.329316738954525,2.24837448416854,1351.0801124572754,141.13599125669617,0.9700731834814428,,-0.031208901198426762,0.02042808015833986,3244.880991082432,144.81185307150702
BGD.3.1.1.1_1,Ward No-43,Adabor,Dhaka,0.1828351341744077,0.088821539034753,-0.1828351341744077,30.871098715894835,2.592980513385134,979.3178654898584,771.0655388715412,0.9675972300857976,,-0.02994020010903582,0.027851498539573305,3581.853310484029,129.03552032025985
BGD.3.1.36.1_1,Amin Bazar,Savar,Dhaka,0.2722805964422283,0.1474077450687211,-0.2722805964422283,29.155533972882875,2.100765918881274,487.249663224457,395.6502032879015,0.1174046338644016,,-0.06959284838071733,0.06604962346881292,431.9770809375847,78.89006028796253
BGD.3.1.26.2_1,Ward No-11,Mirpur,Dhaka,0.2500892661642609,0.11543212320917,-0.2500892661642609,30.28099480177227,2.34710432850814,663.769355158652,269.0778897764458,0.8636044607346175,,-0.037970741429007165,0.024359580780845262,3106.3180359899384,129.16100274425287
BGD.3.1.8.1_1,Ward No-09,Darus Salam,Dhaka,0.2322707757304657,0.1217419726737253,-0.2322707757304657,30.85479410276308,2.313682259943063,487.249663224457,616.9205717730479,0.6546393754612188,,-0.0407122780635943,0.021040597941301357,1941.0879981597764,99.0524592211924
BGD.3.1.8.2_1,Ward No-10,Darus Salam,Dhaka,0.2773222266415764,0.1404255916533781,-0.2773222266415764,30.841111639677923,2.781210429561604,177.85371798404807,718.6821391862587,0.6762973472634249,,-0.047181241893200616,0.021197623151161825,2369.724350603631,115.62213181398168
BGD.3.1.26.3_1,Ward No-12,Mirpur,Dhaka,0.2307891558924489,0.1107565962952598,-0.2307891558924489,30.09889946708871,2.398651094686862,859.514664904906,242.34498324048425,0.9047080238106951,,-0.03265830477189092,0.01456210918414893,2887.869913862635,147.32453341109863
BGD.3.1.26.4_1,Ward No-13,Mirpur,Dhaka,0.2033949177089433,0.0960453310775151,-0.2033949177089433,30.245707918134816,1.9544416300801408,859.027074656767,220.59318024727864,0.9835695999388636,,-0.029762805771625583,0.013614967849058609,3256.57830360434,135.391948867712
BGD.3.1.36.12_1,Tetuljhora,Savar,Dhaka,0.4315012754835027,0.2519999720462509,-0.4315012754835027,29.47306899877649,2.1987212544537327,487.249663224457,372.2850677967241,0.3424516505666242,,-0.07791386564518525,0.006148901941166166,1010.0501061787828,126.64660027722589
BGD.3.1.26.1_1,Ward No-07 (Part),Mirpur,Dhaka,0.2516348105893841,0.122730142600567,-0.2516348105893841,30.1416364878608,2.2606892326021666,649.369029296875,129.88134854289646,0.9091056515040948,,-0.0313681263236196,-0.0012387920334040274,2871.58403911385,151.27846566991653
BGD.3.1.36.7_1,Kaundia,Savar,Dhaka,0.4609337989067363,0.2619821185827678,-0.4609337989067363,27.84881430838306,1.9491983910560675,487.249663224457,370.34887444670966,0.0906724623186454,,-0.07467317977271615,0.055668267494607876,430.1961538794927,74.95337385885898
BGD.3.1.37.1_1,Ward No-08,Shah Ali,Dhaka,0.3572473211373602,0.1810178840027324,-0.3572473211373602,28.825583921160018,3.5248178855990857,487.249663224457,549.860650265327,0.4387485311398355,,-0.0616626323378114,-0.0005711608304310969,1664.83080062022,109.76946252758944
BGD.3.1.39.2_1,Ward No-41,Sher-e-bangla Nagar,Dhaka,0.2258681702910058,0.1126850299582064,-0.2258681702910058,30.16572508869401,2.321983359461306,605.2209908270066,216.6555670061692,0.8821907640103918,,-0.026675746079210805,0.013088220560798117,1672.1645989593435,162.6007535280054
BGD.3.1.18.4_1,Ward No-16,Kafrul,Dhaka,0.257726027885606,0.1385950676036152,-0.257726027885606,30.786565537910302,3.257580202708513,409.16161031274464,318.1656209919314,0.5758922172853662,,-0.04190826095698454,0.017687800978879554,1297.8745043384347,144.12740409382977
BGD.3.1.26.5_1,Ward No-14 (part),Mirpur,Dhaka,0.1898523027168072,0.0909200680599895,-0.1898523027168072,30.31384094795882,1.994021019332834,904.69348971049,133.27253997008816,0.9971434401142624,,-0.016515833210359345,0.006227744711933222,3288.8641000876646,143.54321214245962
BGD.3.1.18.2_1,Ward No-14 (part),Kafrul,Dhaka,0.1989528698215629,0.0949996825310663,-0.1989528698215629,30.386086630566968,1.8238682931965324,919.8680627893518,144.06336626105383,0.9913942724905987,,-0.03725776990857654,0.01995263239701256,3441.172805781061,137.8258875116923
BGD.3.1.18.3_1,Ward No-15 (part),Kafrul,Dhaka,0.295482546966837,0.1502368320866781,-0.295482546966837,30.506436557621345,2.609894204181128,242.26888323797692,557.6113672811049,0.6690903906472768,,-0.0365608275160023,0.000577988305418385,2027.8521231441275,108.57846534979457
BGD.3.1.18.1_1,Ward No-04,Kafrul,Dhaka,0.2491277576547064,0.1267230584395562,-0.2491277576547064,30.37201628420088,2.9683691907291885,185.8509539481921,764.5610752156443,0.8217741114166413,,-0.035420482182768075,0.004625570840567074,2322.5003414760126,133.96392889619779
BGD.3.1.31.2_1,Ward No-03,Pallabi,Dhaka,0.2027708602243618,0.0975102479177298,-0.2027708602243618,30.95462366600176,2.3579497097326176,785.6470108652503,134.90443551819456,0.9824009041737304,,-0.026307696783450758,0.0016190767818575489,4352.879954959727,101.26578616798855
BGD.3.1.31.3_1,Ward No-05,Pallabi,Dhaka,0.2001067958234411,0.0995760125442948,-0.2001067958234411,31.519937302496803,2.719394906880749,525.9458986170151,623.8858679977108,0.958942080036958,,-0.014599683658507955,-0.010294851012026937,7121.753079846786,60.35482017585615
BGD.3.1.5.1_1,Ward No-15 (part),Cantonment,Dhaka,0.3601360574980986,0.1889680403921816,-0.3601360574980986,29.18283813708888,2.9365526835651266,487.249663224457,540.8290577545137,0.4640075014425851,,-0.0594391902120498,0.008305319173300268,1015.0496550624848,142.32521088167073
BGD.3.1.31.5_1,Ward No-15 (part),Pallabi,Dhaka,0.3650730462501483,0.1955885458828583,-0.3650730462501483,28.871694215488084,3.417793180755984,487.249663224457,582.8257152332953,0.4578267885960194,,-0.06204470608157558,0.012805162466445707,1633.834658126265,110.81151558048695
BGD.3.1.29.12_1,Nayansree,Nawabganj,Dhaka,0.5159459026424911,0.2788266033390879,-0.5159459026424911,27.45891237660114,2.3544315236100664,487.249663224457,168.12878419381346,0.0036627521789427,,-0.12170202360515767,-0.007097231119018173,0.0,0.0
BGD.3.1.29.13_1,Shikari Para,Nawabganj,Dhaka,0.5249273450011311,0.2904034141984949,-0.5249273450011311,27.54845697381589,2.2513855705364545,487.249663224457,140.04386681173085,0.0028863761683356,,-0.14133910002679512,-0.002569643443369455,0.0,0.0
BGD.3.1.29.14_1,Sholla,Nawabganj,Dhaka,0.5244037457615337,0.2926006929609361,-0.5244037457615337,27.81853193976172,2.1421633927406383,487.249663224457,179.76319967674004,0.0043416618884167,,-0.09650525627479595,-0.0048334259242772916,0.0,0.0
BGD.3.1.10.13_1,Rowail,Dhamrai,Dhaka,0.513579852407783,0.2882062346992926,-0.513579852407783,27.471425361423663,2.1977774196309645,12.069068282957408,5.894966084946059,0.0071675400622769,,-0.07592988644323506,-0.06473074220147589,3.51030435277935,57.618930281623506
BGD.3.1.10.10_1,Kulla,Dhamrai,Dhaka,0.429762332781422,0.2333704703816596,-0.429762332781422,27.348010090188986,2.462412840932924,6.864703357274834,77.36466290776845,0.0174997772838682,,-0.09248106171379664,-0.018731501123594903,111.12951544507763,52.92754195660333
BGD.3.1.10.16_1,Suapur,Dhamrai,Dhaka,0.5333358994013008,0.2837226497163184,-0.5333358994013008,27.359909298998765,2.233650246473946,11.733199146815709,6.178845085355467,0.0068373195104891,,-0.13801969517406404,-0.06264309867378118,0.0,0.0
BGD.3.1.10.12_1,Nannar,Dhamrai,Dhaka,0.518080625879094,0.2706182292850426,-0.518080625879094,27.250444841539903,2.197117736006152,487.249663224457,154.00176891199646,0.0095505972766709,,-0.14620501695470406,-0.010014324971979467,0.0,0.0
BGD.3.1.10.7_1,Dhamrai Paurashava,Dhamrai,Dhaka,0.3770212599688717,0.1989766209344783,-0.3770212599688717,28.392907570487733,2.952394046404855,60.301615660110215,33.65379151881285,0.3719134738670674,,-0.08857481864078225,0.020844058206928476,524.7796222819007,111.36929659037104
BGD.3.1.10.17_1,Suti Para,Dhamrai,Dhaka,0.4955085691351371,0.2580938216657983,-0.4955085691351371,27.526503999493404,2.3013922682268784,10.809026264508566,79.29628224054996,0.0469366385016102,,-0.13703400751271305,-0.02620820830025587,0.0,0.0
BGD.3.1.10.15_1,Sombhag,Dhamrai,Dhaka,0.4718138086660621,0.2446475522435203,-0.4718138086660621,27.112555647859867,2.5483912001842093,12.586894435306924,65.44913052656204,0.028633432449527,,-0.12684176001353187,-0.00809767320658516,0.0,0.0
BGD.3.1.36.3_1,Banagram,Savar,Dhaka,0.5095334057520924,0.2931254958226192,-0.5095334057520924,28.215594240975317,2.461501848163521,487.249663224457,363.6578881530367,0.058437873707412,,-0.08009333682881135,0.005353382145180598,551.7829890026354,70.93626503837649
BGD.3.1.31.4_1,Ward No-06,Pallabi,Dhaka,0.2745771292272486,0.1419193541176809,-0.2745771292272486,29.68558637516696,2.736032834169944,132.72275671872225,535.4630946471698,0.6836111160311023,,-0.044526079470934996,-0.007031637881378218,2716.9310515145216,125.29402451768125
BGD.3.1.31.1_1,Ward No-02,Pallabi,Dhaka,0.2204249112863883,0.1105972866976766,-0.2204249112863883,29.503987616972367,2.614294456173343,245.1916543775989,575.6507035097119,0.6968157288477924,,-0.038499731462222145,0.0023862309479831395,3108.2744331718313,101.32869484169488
BGD.3.1.36.10_1,Savar Paurashava,Savar,Dhaka,0.442111344416812,0.2357337324458399,-0.442111344416812,28.672300361750885,2.636551074219041,23.592386190400735,225.2481556026829,0.4340127107631971,,-0.06722591942668865,-0.014364164345361233,2236.9254175201113,80.15519319908708
BGD.3.1.36.5_1,Biralia,Savar,Dhaka,0.4822748132860283,0.2742135603821842,-0.4822748132860283,28.453329463509974,2.4716914760297928,487.249663224457,441.1728040069674,0.0531712711928102,,-0.06729474389286862,0.009097120668123017,399.24110214102546,88.44854887349943
BGD.3.1.44.1_1,Harirampur (Part),Turag,Dhaka,0.3055143809217231,0.1650279280966832,-0.3055143809217231,29.43898690892813,2.326739165589074,487.249663224457,578.0345393577842,0.3313744859603665,,-0.059657782345968496,0.006436690428670712,873.1061862198018,130.4672358714343
BGD.3.1.36.9_1,Savar,Savar,Dhaka,0.5476936054265096,0.2904450864412694,-0.5476936054265096,27.879713200463435,2.6749017415060736,24.84485385219256,15.420055875244932,0.1136389279230303,,-0.0681335515845915,-0.01189590927262986,528.1824046248661,120.73995842299733
BGD.3.1.36.8_1,Pathalia(part),Savar,Dhaka,0.5051957844541822,0.2699273194324144,-0.5051957844541822,27.66761394470731,3.1237531370688765,487.249663224457,246.7575916751811,0.1376497334887186,,-0.09345551079274551,0.008483320088374931,716.4793885594537,97.16750100042233
BGD.3.1.36.2_1,Ashulia,Savar,Dhaka,0.4496276508236512,0.2435248421697594,-0.4496276508236512,28.682054751511224,2.5096356623774043,487.249663224457,373.3225181168822,0.2893780585253752,,-0.0686879197174358,0.004405197953545442,1019.4695183621308,131.10692219524492
BGD.3.1.36.13_1,Yearpur,Savar,Dhaka,0.4483997714511997,0.2332670710398352,-0.4483997714511997,28.008408213760102,2.628066576499642,487.249663224457,452.68498443314746,0.3156812061820428,,-0.0817718645418847,0.0627838904067472,1097.6082053463622,125.68062953377581
BGD.3.1.36.6_1,Dhamsana,Savar,Dhaka,0.469755477674925,0.2454074515174375,-0.469755477674925,28.19471056597148,3.0586295325350337,487.249663224457,331.7292762471073,0.3279515712379708,,-0.0992369993262705,0.056154621121564434,1429.5113662713838,103.47532940141231
BGD.3.1.21.6_1,Konda,Keraniganj,Dhaka,0.3506734166822254,0.2012424547135651,-0.3506734166822254,29.914931748857224,1.962339525086234,487.249663224457,496.11649888478416,0.1765734748039881,,-0.06205287837403787,0.017007457596508565,627.5777220632189,54.932638704744804
BGD.3.1.17.3_1,Shyampur,Kadamtali,Dhaka,0.2175087389082659,0.1101887122708052,-0.2175087389082659,29.923784199557357,2.042137473513833,104.2835493247246,654.8745962652653,0.5893222464198509,,-0.061776173127236295,0.02327292337962167,1533.976902373352,126.33238967439303
BGD.3.1.17.2_1,Matuail (part),Kadamtali,Dhaka,0.2757103461071082,0.1407822002265298,-0.2757103461071082,28.712221486655203,1.8060296941260607,386.7245417074724,278.32365417206324,0.6339720868409393,,-0.06382844750573269,0.022421641583475423,1712.6649690302734,126.03219009814464
BGD.3.1.17.5_1,Ward No-89,Kadamtali,Dhaka,0.151378202515816,0.070929090027403,-0.151378202515816,31.20284317945488,1.5775056464582602,555.9207545150945,121.02844648936494,0.9956421740709356,,-0.059992492409178554,0.02223301814544688,5646.015205429271,74.67298509992233
BGD.3.1.40.3_1,Ward No-90,Shyampur,Dhaka,0.1803386833811744,0.0881886178163693,-0.1803386833811744,32.142116843091415,1.8204623703987144,355.96935149370614,112.33785254887763,0.923988726790451,,-0.053843872544155506,0.017765153291335017,2803.8543415651866,121.78039142784549
BGD.3.1.40.1_1,Ward No-83,Shyampur,Dhaka,0.1976325840450882,0.0953886676444561,-0.1976325840450882,31.159620609635727,2.8254000236168797,266.95783674860576,341.96542656505056,0.8852896783931267,,-0.05934644045699632,0.018845787248985665,2700.04167458287,123.70306624873282
BGD.3.1.17.1_1,Dhania(part),Kadamtali,Dhaka,0.1503820878513204,0.0767340322690964,-0.1503820878513204,29.55802016415076,1.6382141269940949,978.6723169514552,304.718253494328,0.9629441107604602,,-0.06327677606883048,0.022852833210588737,3570.6858755480757,107.39695532784928
BGD.3.1.9.2_1,Matuail (part),Demra,Dhaka,0.2426122095872228,0.1279835932046992,-0.2426122095872228,28.9629977447818,1.8627902209921607,167.30388585075002,78.2618281758175,0.6477954287566866,,-0.06488235046744367,0.020827229452570477,1489.7777992314489,140.49257399592676
BGD.3.1.17.4_1,Ward No-88,Kadamtali,Dhaka,0.1421771434674721,0.068797811210643,-0.1421771434674721,31.87597268149409,1.64049321799475,513.2526769805373,257.6640342656638,0.9963918455709904,,-0.059677773889759214,0.02210151896443212,3216.285281835003,116.42483867570712
BGD.3.1.16.1_1,Dhania(part),Jatrabari,Dhaka,0.139523854253153,0.068079692547263,-0.139523854253153,30.57853386700434,1.7340171261247237,1001.2924022832192,238.012631852354,0.9873596673596674,,-0.05285173003171755,0.015984406139937006,2915.7663104376084,127.32099933441546
BGD.3.1.21.11_1,Tegharia,Keraniganj,Dhaka,0.408329932401729,0.2340157607049088,-0.408329932401729,30.54356175378975,1.8028424723491088,13.150918089166035,55.88825185554132,0.1483371157761238,,-0.06747168253426479,0.021159961873724153,556.0081943052926,60.228781566804464
BGD.3.1.21.9_1,Subhadya (Part),Keraniganj,Dhaka,0.2846651862805607,0.1546716024050295,-0.2846651862805607,30.97528231336428,2.129520327258021,487.249663224457,335.6215511589945,0.4088172243452325,,-0.06050399847284344,0.019229123470068235,1502.270413625714,77.7971897672179
BGD.3.1.21.12_1,Zinjira,Keraniganj,Dhaka,0.1878468649151538,0.0893830607281967,-0.1878468649151538,29.5097239621644,2.101377444264722,487.249663224457,524.9118384282675,0.6865337870685464,,-0.04331083899472117,0.0034380800812284468,3274.2015201548465,80.44208458677177
BGD.3.1.3.2_1,Ward No-66 (Part),Bangshal,Dhaka,0.1815267416991685,0.0890526288826214,-0.1815267416991685,30.5073456212094,3.685835238466872,492.8247324625651,171.77738751270002,0.9725022914757104,,-0.05647307239926404,0.019931194241721416,1471.6401637293002,218.80595737153095
BGD.3.1.6.4_1,Ward No-66 (Part),Chak Bazar,Dhaka,0.1408236642486192,0.0691638321182887,-0.1408236642486192,31.478564504166723,3.2854135309656463,724.8132678616431,286.24451497179587,0.9956440572495332,,-0.033732289269920945,-0.0015361423148521093,3500.7672455579523,122.09436115971106
BGD.3.1.20.1_1,Sultanganj,Kamrangir Char,Dhaka,0.1861370855252731,0.0928189445790153,-0.1861370855252731,31.03715961998208,2.133453392943568,19.10914515969741,634.7957648668364,0.8159964605250222,,-0.0244901189135328,-0.01010110272896471,4143.209399312574,90.4317190672585
BGD.3.1.6.3_1,Ward No-65,Chak Bazar,Dhaka,0.1561473393487355,0.075413979111106,-0.1561473393487355,31.86319112539688,2.8605181520023653,922.4749353582208,404.6966732626551,0.9649941656942824,,-0.03470567426140234,0.002749081262897128,3294.781507321924,128.7421007848041
BGD.3.1.25.7_1,Ward No-92,Lalbagh,Dhaka,0.2080876838969493,0.1073565370771536,-0.2080876838969493,31.70920658832233,2.0387375198956925,769.9553682096712,358.3287480486462,0.8882949103463638,,-0.025362144981162325,-0.006010079633773045,6078.933084771986,59.60324414234038
BGD.3.1.6.5_1,Ward No-67 (Part),Chak Bazar,Dhaka,0.2707113499839466,0.1299874167353771,-0.2707113499839466,29.919577485837117,2.940454121173164,1268.6951053503788,167.13220885921152,0.6717044500419815,,-0.02905236903522517,0.0021386373846249028,3893.484254659943,114.37613664630156
BGD.3.1.25.3_1,Ward No-60,Lalbagh,Dhaka,0.1690884157081984,0.0821147924502981,-0.1690884157081984,32.03575311871809,2.536857144005837,748.0614767974278,484.1006626574569,0.9884446074834924,,-0.03766263080924141,0.007091964441592611,4992.701937098562,77.30775855893005
BGD.3.1.13.4_1,Ward No-82,Gendaria,Dhaka,0.2106120050935954,0.0985308086479103,-0.2106120050935954,30.1278015094799,2.490118238441182,66.78074545230506,589.7837241385469,0.8974457461110045,,-0.0509443149336186,0.013177437019874677,3089.9108481590106,131.3318393284671
BGD.3.1.21.1_1,Aganagar,Keraniganj,Dhaka,0.2074947129879647,0.1042382623172291,-0.2074947129879647,30.538989137417254,2.0403006445983416,180.4089779494396,274.1947675193381,0.8533494876066434,,-0.05124259881831572,0.011400916805123566,3614.1186817598873,105.27555026437231
BGD.3.1.41.5_1,Ward No-79,Sutrapur,Dhaka,0.1736878650300657,0.0817975362513953,-0.1736878650300657,30.348759249637,2.941616087100085,127.77101787220349,510.0055418861933,0.9793594306049822,,-0.054617082249921935,0.01976720121606942,3508.358084844863,118.5742030872025
BGD.3.1.13.3_1,Ward No-81,Gendaria,Dhaka,0.1555150216629607,0.0755166376500051,-0.1555150216629607,30.734850205605795,2.3351597093223107,470.6418287004743,81.81403815400704,0.9540183926429427,,-0.06353225598016951,0.025522162439803254,3569.974947319931,128.8014436903698
BGD.3.1.24.4_1,Ward No-73,Kotwali,Dhaka,0.2112444310787305,0.1012031051436837,-0.2112444310787305,30.560391891061965,3.606738883639175,751.2243075163468,515.7470873486274,0.901561144839549,,-0.053987665694257586,0.01757914996143653,1607.5580486103595,217.92647191686746
BGD.3.1.41.6_1,Ward No-80 (Part),Sutrapur,Dhaka,0.1673365760676182,0.0771730583242691,-0.1673365760676182,30.16472117570195,2.6947240816603464,723.647331237793,58.96297479126658,0.9416393442622952,,-0.05880405253808035,0.02036008216092005,3491.752076867779,100.62125949617102
BGD.3.1.13.2_1,Ward No-80 (Part),Gendaria,Dhaka,0.1286851567599703,0.0614478087381405,-0.1286851567599703,30.453378060284784,2.405520190210904,558.4388776506696,18.776284809932704,0.8346456692913385,,-0.07314998710411601,0.03020815443741109,3195.049977248639,96.27194659744471
BGD.3.1.41.4_1,Ward No-78,Sutrapur,Dhaka,0.1551286933883544,0.072171147432058,-0.1551286933883544,30.0562987789031,2.1354404179379345,550.4126470229205,118.154893492721,0.9771493858897458,,-0.02611203201032792,-0.0036080400550372277,3398.857154691647,110.08797461892831
BGD.3.1.24.1_1,Ward No-68 (Part),Kotwali,Dhaka,0.1526439331146409,0.0729254785093289,-0.1526439331146409,30.178149362212245,3.5404992929526737,1072.4235096807065,348.18206808911185,0.9427083333333334,,-0.042064964426227966,0.0032368543515926243,3947.5343648832663,131.63957785449654
BGD.3.1.24.3_1,Ward No-72,Kotwali,Dhaka,0.1525486067940409,0.0685733107921595,-0.1525486067940409,30.08368269296793,2.575965393037304,1615.081610107422,244.4108886263397,0.9860406091370558,,-0.02716290423008892,-0.006904831601719648,5165.98775045746,91.84162362551854
BGD.3.1.40.2_1,Ward No-87,Shyampur,Dhaka,0.1401917424017182,0.0680789198925711,-0.1401917424017182,31.851686720985445,1.822170241422088,466.532986896794,80.05239947598787,0.989835430784124,,-0.04511424389860041,0.008265916782234109,3208.189914056498,118.75567552413895
BGD.3.1.16.6_1,Ward No-86,Jatrabari,Dhaka,0.1539739182817315,0.074888933302489,-0.1539739182817315,31.267319146324606,1.9726409606833373,490.18104704299776,111.53193914226964,0.8925355213127877,,-0.047375110194167104,0.013020430854063738,2418.8767355761884,139.51070326219136
BGD.3.1.9.3_1,Saralia,Demra,Dhaka,0.2582867291809052,0.1317543636684545,-0.2582867291809052,29.28917763516364,2.028050230353076,157.77021685588002,352.03927371278115,0.652726735099058,,-0.06155558010978102,0.0160725266236437,2066.6221384548553,107.40072206544973
BGD.3.1.16.3_1,Ward No-76 (Part),Jatrabari,Dhaka,0.1642365806869098,0.0770822592552692,-0.1642365806869098,31.56289252023848,1.592378394170241,543.1636301676432,35.753715073615126,1.0,,-0.03132253119725326,0.0005925889163147755,3512.842330767906,106.35712431606541
BGD.3.1.16.4_1,Ward No-84,Jatrabari,Dhaka,0.1346772896653428,0.0666525802367313,-0.1346772896653428,31.79156001528403,2.129120112899982,525.9757765866398,90.77110537624756,0.9964935349550734,,-0.05352783306499317,0.015954001712001332,2961.091976728815,128.75604631788832
BGD.3.1.16.2_1,Matuail (part),Jatrabari,Dhaka,0.2557157612051244,0.1363647943724101,-0.2557157612051244,30.37133608632762,2.046140023799357,113.44505455798672,524.1141963114508,0.5667747328364137,,-0.05724235628227171,0.015704225984545597,1758.6468380247343,113.68320787074785
BGD.3.1.16.5_1,Ward No-85,Jatrabari,Dhaka,0.2670525677985699,0.1416694911829154,-0.2670525677985699,31.286711937454623,2.3636116459349954,348.85845428259194,153.98851244659903,0.6656247876605287,,-0.04309262396531484,0.004710262901869684,1888.626301388876,112.15522237392254
BGD.3.1.35.6_1,Ward No-30,Sabujbagh,Dhaka,0.191811763570839,0.0934644777480649,-0.191811763570839,30.96578635922261,2.215000968732332,833.1476085429289,274.92834796991286,0.9582300209803548,,-0.018575300679372672,-0.012514962983854048,2980.396955396954,113.72198963138965
BGD.3.1.35.2_1,Manda,Sabujbagh,Dhaka,0.3543906610422447,0.193415988585988,-0.3543906610422447,29.608396971655672,2.221049541835578,199.11758383161072,513.4526344746623,0.5429527490913287,,-0.04209087936588608,-0.0007084086018115131,1974.493817978932,95.78190250384552
BGD.3.1.35.5_1,Ward No-29,Sabujbagh,Dhaka,0.1909442271530275,0.0920960899475499,-0.1909442271530275,30.330720695518178,2.222376965125288,747.7688489082532,268.3321704856039,0.940573504606202,,-0.028619918177619073,-0.0006554988724804168,2891.5176514986792,134.05026922150677
BGD.3.1.13.1_1,Ward No-76 (Part),Gendaria,Dhaka,0.2093701343288395,0.0956673121163204,-0.2093701343288395,30.49504352327603,2.0937941363693158,528.8772774973223,74.28341333029171,0.8647669247240982,,-0.04587091802262254,0.010048716263008753,2315.9847733419037,133.58755405740095
BGD.3.1.24.2_1,Ward No-71 (Part),Kotwali,Dhaka,0.1118860090220416,0.0532851456492035,-0.1118860090220416,30.30665270487468,2.9323117307254245,1740.904052734375,42.640869140625,0.996969696969697,,-0.005821412367728905,-0.018969561929634785,6309.121824341632,62.219339436899276
BGD.3.1.3.4_1,Ward No-68 (part),Bangshal,Dhaka,0.1439930964599956,0.0679909847902529,-0.1439930964599956,30.007756435509883,2.131602510981176,1565.4259914822048,288.22353617534134,0.9946149703823371,,-0.03143966231574624,0.0005803294213135935,8829.856879350795,65.83783196627608
BGD.3.1.3.3_1,Ward No-67 (part),Bangshal,Dhaka,0.1937018112512305,0.0915182092576287,-0.1937018112512305,30.008576730887096,2.445314243739965,1066.4253207120028,215.67467728936063,0.9558823529411764,,-0.03532309807872302,0.0009986325452445801,4676.240284103019,107.55649282043915
BGD.3.1.41.3_1,Ward No-77,Sutrapur,Dhaka,0.153717253071902,0.0712998343950456,-0.153717253071902,30.23718278042905,2.369898612050572,621.3472528076172,81.28792746248627,0.9471601029091627,,-0.045818843055255354,0.011256070269585586,3180.536837091286,123.65829929498166
BGD.3.1.3.7_1,Ward No-71 (Part),Bangshal,Dhaka,0.1308788873043888,0.0607649029186325,-0.1308788873043888,30.675264142083783,2.3085726166535103,1970.5313682556152,232.99569038919688,0.976542416452442,,-0.02273773683861213,-0.010662733295016297,6177.938651246947,62.421118885868374
BGD.3.1.41.1_1,Ward No-74,Sutrapur,Dhaka,0.1437383058277066,0.0650249289292762,-0.1437383058277066,30.884243121986227,2.3727392999775416,667.6490648057726,133.48089591334994,0.9928945400149588,,-0.04066499216954335,0.00892771519913227,4698.092365965245,90.72012324290559
BGD.3.1.41.2_1,Ward No-75,Sutrapur,Dhaka,0.1868455734981204,0.0875334918829564,-0.1868455734981204,30.940499357802874,2.418272848038031,434.0667704920615,122.57256691709598,0.9457867713681668,,-0.02345031177948458,-0.006178390476301149,2334.04765892319,173.32272833791205
BGD.3.1.3.6_1,Ward No-70,Bangshal,Dhaka,0.1419162981152215,0.0639985591652566,-0.1419162981152215,30.5545793282762,2.438430686843613,2145.3344279963794,359.2118456986294,0.9908558030480656,,-0.04492264507436871,0.008616665344120054,5496.904738029543,71.63657296131743
BGD.3.1.3.5_1,Ward No-69,Bangshal,Dhaka,0.1562918511164539,0.070157563049054,-0.1562918511164539,30.102117758171232,2.183119500864227,2064.1153989045515,243.38245437403944,0.9970117395944504,,-0.026484946773333375,-0.0029704172853229835,7677.971166963973,83.3749229586237
BGD.3.1.6.2_1,Ward No-64,Chak Bazar,Dhaka,0.1688966596600159,0.0768770895205264,-0.1688966596600159,30.30845584425815,2.5971936435078296,1068.9589209923377,341.3267741712682,0.994107452339688,,-0.039488461955311235,0.009881094154103317,3896.307142528594,116.90951342791234
BGD.3.1.25.4_1,Ward No-61,Lalbagh,Dhaka,0.200274925142064,0.1019553675372029,-0.200274925142064,30.59918061063982,2.3112344642261884,1098.0305708342908,428.5397591048091,0.8952603861907549,,-0.06529672956472897,0.026396731553613148,3202.270908583186,104.7638298015249
BGD.3.1.3.1_1,Ward No-63 (Part),Bangshal,Dhaka,0.1806761306589064,0.0785277219408232,-0.1806761306589064,30.021315429521643,1.9191995606474253,1662.342370605469,142.329026428285,0.9980638915779284,,-0.03780257061701447,0.008265013823218172,8127.082212417966,81.19206533614953
BGD.3.1.6.1_1,Ward No-63 (Part),Chak Bazar,Dhaka,0.270783597426541,0.1263578253064575,-0.270783597426541,29.799472979327152,1.9204874206233669,1023.6250580578316,290.34324975004694,0.8205378973105134,,-0.06640061451112035,0.031699523679408155,2544.3811987220674,127.98584967253696
BGD.3.1.25.1_1,Ward No-56 (Part),Lalbagh,Dhaka,0.3260377746534674,0.158861573326261,-0.3260377746534674,29.787413505658712,2.056679878064564,530.8463973999023,101.82964047896536,0.6363636363636364,,0.006514458850682523,-0.01969099369352131,516.6999556578174,303.77326974453774
BGD.3.1.25.2_1,Ward No-59,Lalbagh,Dhaka,0.2783179130570473,0.1348273627739717,-0.2783179130570473,30.14477146526245,2.1412710564223345,845.9746052135121,326.5545219166915,0.7854452312791924,,-0.04771091530007436,0.009510568930193483,2810.922021039019,97.14133653591382
BGD.3.1.25.5_1,Ward No-62,Lalbagh,Dhaka,0.2832848421424123,0.1356525373324173,-0.2832848421424123,29.51592009760944,2.3733114210903183,830.6163221276324,451.0698256051926,0.7132307692307692,,-0.036940132842820904,0.003221848092525888,1156.4232588472498,205.47824973487988
BGD.3.1.30.1_1,Ward No-52,New Market,Dhaka,0.3328663983199282,0.1624438449981014,-0.3328663983199282,29.663753009455807,2.533750469459413,442.0084965644191,130.9951754892775,0.6208413926499032,,-0.026179343353477085,-0.0036580899548519998,885.445108324994,295.37298217511085
BGD.3.1.11.2_1,Ward No-48 (Part),Dhanmondi,Dhaka,0.2080004089363089,0.1001892059224925,-0.2080004089363089,30.360649827408466,2.1542627081606125,954.787646484375,202.1215779610944,0.9624924379915304,,-0.027692769475174822,0.0027865158896016448,2873.062246820814,137.86965813726155
BGD.3.1.38.2_1,Ward No-57,Shahbagh,Dhaka,0.3302345494647602,0.1538931017366303,-0.3302345494647602,29.493502170436987,2.886633009568771,460.4792120441113,129.07995303076035,0.6354476165870042,,-0.03233207179272279,0.003466741706022175,595.3732522361788,412.8883552619204
BGD.3.1.28.2_1,Ward No-32,Motijheel,Dhaka,0.2478542889126091,0.1116418756324694,-0.2478542889126091,30.64497130793384,4.381818885575396,459.4286356999324,119.8534067449148,0.7365875774520175,,-0.03387772905530671,0.0012473728984955792,1164.631365854832,251.45043284025328
BGD.3.1.38.1_1,Ward No-56(part),Shahbagh,Dhaka,0.3305471022411275,0.1532354432531479,-0.3305471022411275,29.516639995789536,2.967233873556073,338.9519460027489,200.20902510672877,0.5445901453224341,,-0.032720419681850445,0.0006076336570245925,351.0422602927959,575.6355374079346
BGD.3.1.32.1_1,Ward No-36,Paltan,Dhaka,0.1695357341917323,0.0833746222313823,-0.1695357341917323,30.250218976059337,3.289904035781146,578.522154908743,194.05641315529925,0.9430747144373012,,-0.029969438291262838,0.0029939357959521645,1158.03463743043,331.0747705024147
BGD.3.1.28.3_1,Ward No-33,Motijheel,Dhaka,0.2966942034040888,0.1347562092511604,-0.2966942034040888,29.82746439377467,2.515144012731836,490.70375343605326,117.01286765005042,0.7912390029325513,,-0.029583768676128643,0.00048155257298244865,672.4180221094532,324.49194922383606
BGD.3.1.28.4_1,Ward No-34,Motijheel,Dhaka,0.2492245062734688,0.1178878306323261,-0.2492245062734688,29.8694612789385,2.7508306412409382,850.122363476043,280.6330691510192,0.818968279397629,,-0.03627340803582213,0.008430045778264004,2133.146350386806,146.12838950935094
BGD.3.1.33.1_1,Ward No-53,Ramna,Dhaka,0.281721098997675,0.1241239349274345,-0.281721098997675,29.29543559974737,3.181070559873318,506.0007637793865,198.21598975621131,0.7217375499818248,,-0.03899787694481876,0.013490686066018488,1095.478576997872,274.5431328245827
BGD.3.1.28.5_1,Ward No-35,Motijheel,Dhaka,0.1601863366482006,0.0767038571806687,-0.1601863366482006,30.165331175538142,2.334421915411949,1095.689051772609,127.5164400522851,0.975763962065332,,-0.02173147323874557,0.010190310834268242,2714.966293060524,146.49368488193178
BGD.3.1.22.3_1,Ward No-24,Khilgaon,Dhaka,0.1916156733683018,0.0894933990073493,-0.1916156733683018,30.09204275343153,2.3270698285306426,725.3422129755435,133.46177384642078,0.9176944158958548,,-0.05152272673273605,0.022031938735968086,2621.502887914981,135.32920731768723
BGD.3.1.33.2_1,Ward No-54,Ramna,Dhaka,0.2047130360749374,0.0902891903842811,-0.2047130360749374,29.45971947742356,3.16792230430837,468.8558181504072,145.5493705318799,0.821640903686088,,-0.03811302047351585,0.017783065841541306,2501.341388630061,139.55379441798874
BGD.3.1.34.2_1,Ward No-23,Rampura,Dhaka,0.1896800591938757,0.0899557868725313,-0.1896800591938757,29.88991920162488,2.614194907432192,627.9425309957917,149.1619263021536,0.8855225701504676,,-0.044532661348773796,0.021066508380172457,3060.8611814694646,120.41412096233756
BGD.3.1.28.1_1,Ward No-31,Motijheel,Dhaka,0.2396585798437235,0.1122336330359231,-0.2396585798437235,31.47014241919928,2.778465589784113,696.2186881889731,188.0112498534097,0.7637044880671173,,-0.040232145433550866,0.0062640144651749585,840.4715328968459,209.85340149938412
BGD.3.1.35.4_1,Ward No-28,Sabujbagh,Dhaka,0.2563155249474858,0.1249362255002869,-0.2563155249474858,29.52808551489076,2.2828304067567013,577.7120767073197,242.96562091052309,0.8743578452957581,,-0.0443833076918323,0.006997354802648192,2618.604157554947,122.22620736604651
BGD.3.1.35.1_1,Dakshingaon (Part),Sabujbagh,Dhaka,0.3993505363684662,0.2190192834720255,-0.3993505363684662,28.38316913433681,2.0197762238019603,21.215093538742657,483.9397116978356,0.2777756471716203,,-0.04455927700139075,-0.005358533424189799,1264.205450205129,88.27130416316047
BGD.3.1.9.1_1,Demra (part),Demra,Dhaka,0.3595724865720349,0.1962792211921395,-0.3595724865720349,28.12444224788681,2.1200456106426286,487.249663224457,396.8472613357833,0.1146529216361652,,-0.054024343485990306,0.006451477920773531,474.46629484215464,101.34609556933302
BGD.3.1.35.3_1,Ward No-27,Sabujbagh,Dhaka,0.2089915493852997,0.0998167198402919,-0.2089915493852997,29.961303186901844,2.075697406781124,876.5496453179253,138.41328387822728,0.9680472415466752,,-0.032926607467190214,0.0006448425951167093,2891.1917133613265,133.16615712066175
BGD.3.1.22.4_1,Ward No-25,Khilgaon,Dhaka,0.1874303300702605,0.0887375851561167,-0.1874303300702605,30.13964506143899,1.772801852653963,825.536983457934,139.27686343794807,0.9919260862327284,,-0.04282401538830192,0.006330719146755954,3371.3350222717404,118.87782718605017
BGD.3.1.22.1_1,Dakshingaon (Part),Khilgaon,Dhaka,0.305934397259754,0.1660903975809257,-0.305934397259754,29.38269031660932,2.0457683480171225,158.57542117364807,489.840147167254,0.4385976672476203,,-0.038661252232419785,-0.007797331402012544,1408.5683550383117,89.59461443719735
BGD.3.1.22.5_1,Ward No-26,Khilgaon,Dhaka,0.2055320722275539,0.1052178835284942,-0.2055320722275539,29.843779191903188,2.4114958011463123,518.3529476422095,205.00313074850072,0.8977834910989054,,-0.03064792251012398,-0.0019015313337923394,2775.7868140818496,126.69406136302455
BGD.3.1.22.2_1,Nasirabad,Khilgaon,Dhaka,0.4061095729653671,0.2206419188814921,-0.4061095729653671,27.27604956753725,1.8527923904954184,487.249663224457,493.7199691594385,0.0290167447423502,,-0.0596244058276726,0.014120915990074754,313.8072403978547,64.69356708325557
BGD.3.1.2.1_1,Badda,Badda,Dhaka,0.2563030038217061,0.1362814177499475,-0.2563030038217061,30.34015910357293,2.520311386484321,155.05183431735406,543.7746310334213,0.7592227078340148,,-0.04861857147553997,0.013313578941110474,2848.5014948680473,105.4066428368312
BGD.3.1.33.3_1,Ward No-55,Ramna,Dhaka,0.2196342465367007,0.0983390567080977,-0.2196342465367007,29.71994706529837,2.374978781795837,387.3121045983356,554.242073688999,0.8154711375212224,,-0.03546138780942375,0.01622249561527818,3386.933538321981,110.63343995368115
BGD.3.1.42.2_1,Ward No-37,Tejgaon Ind. Area,Dhaka,0.2120185973013422,0.1030818868184156,-0.2120185973013422,30.873619686202908,2.42491855139428,497.0928016662598,210.5062722215924,0.7800659884520209,,-0.03792423020487771,0.011610487144017549,801.9395378278012,396.3983042919451
BGD.3.1.34.1_1,Ward No-22,Rampura,Dhaka,0.1831587621070162,0.0850706466496339,-0.1831587621070162,29.494253187637955,2.943791015011924,429.04009471220127,516.401812046611,0.8721724137931034,,-0.044098052093264464,0.019345660572759892,2877.5027171279658,133.52371365199434
BGD.3.1.2.6_1,Ward No-21,Badda,Dhaka,0.1746013910223581,0.0812549867702746,-0.1746013910223581,29.69400466011523,2.2981984497663066,170.2347732306762,399.639788395585,0.8897017445132246,,-0.035141724462542705,0.005566305683830081,2822.0309298389247,126.77480423920295
BGD.3.1.14.3_1,Ward No-20 (Part),Gulshan,Dhaka,0.2474277114819612,0.1181494612068252,-0.2474277114819612,30.212193678712868,2.6509102654968864,326.255810342986,101.98649054075436,0.796225937183384,,-0.029584695384194656,0.0006850186218472423,3066.3776612616152,103.4234581831775
BGD.3.1.14.2_1,Ward No-19,Gulshan,Dhaka,0.2413506514702306,0.112312109267882,-0.2413506514702306,28.658590041625388,2.851687378198029,212.83266577636,94.97069169602914,0.6887271768891752,,-0.03685939356931883,0.005309217138877267,1839.7158143005931,163.69047530596887
BGD.3.1.14.1_1,Ward No-18,Gulshan,Dhaka,0.2172761775391464,0.1048835386899163,-0.2172761775391464,29.53240122740296,2.510412843965734,241.19416184858844,119.75944867923172,0.8875007003193456,,-0.0566858950985069,0.02592188653733796,1644.778572460124,199.6595957180843
BGD.3.1.5.2_1,Ward No-98 (Rest. Area),Cantonment,Dhaka,0.3589008606829899,0.181592501012457,-0.3589008606829899,29.318823426407278,2.512666749627529,228.00376098263777,133.0204675725837,0.4402224666403802,,-0.04821274904248168,0.012229329226039528,397.4542673327464,356.14562687570987
BGD.3.1.4.3_1,Ward No-98 (rest. Area),Biman Bandar,Dhaka,0.2199150889819529,0.129570017484901,-0.2199150889819529,30.64366674803693,2.790627848825582,78.85574318087379,71.0205093216078,0.4033289732790961,,-0.05722097201193394,0.015738700670942487,22.289278487302393,3278.600548344219
BGD.3.1.4.1_1,Dakshinkhan (part),Biman Bandar,Dhaka,0.2380143868439662,0.1260541085665021,-0.2380143868439662,28.55270484074035,2.79723896833195,80.41578988771181,285.52646358736814,0.6557371581054036,,-0.09458239980474398,0.06082811416998398,1986.1780968967275,110.95430262411345
BGD.3.1.2.4_1,Satarkul,Badda,Dhaka,0.2790444384659467,0.15217058369182,-0.2790444384659467,28.846119112277957,1.8543993087289643,487.249663224457,417.6307314909498,0.1008629628390808,,-0.041623488787984775,-0.006351232565604894,268.3329480991223,144.00474155275373
BGD.3.1.2.3_1,Bhatara,Badda,Dhaka,0.2192993430263442,0.1196996314806706,-0.2192993430263442,30.20810097991532,2.2594915279290886,487.249663224457,674.3880392512746,0.5815293470652935,,-0.03706209436626208,-0.006488490090317406,1915.2911017440554,115.09418155192988
BGD.3.1.2.2_1,Beraid,Badda,Dhaka,0.2554163102299673,0.1481409476786138,-0.2554163102299673,30.017777131427053,1.7040466814387107,487.249663224457,262.81292615317307,0.089347488965764,,-0.032421426002837185,-0.02487597547977018,216.40209517526944,144.2280511455311
BGD.3.1.2.5_1,Ward No-17 (Part),Badda,Dhaka,0.1854279311342751,0.0962894225339752,-0.1854279311342751,28.943928485717603,2.564920897112751,191.83211210415448,542.2558029718274,0.9048098901368988,,-0.04622968183657612,0.007875672205000123,1870.1336579646475,175.52317901552112
BGD.3.1.23.3_1,Ward No-17 (Part),Khilkhet,Dhaka,0.2082111632143565,0.1116497643588916,-0.2082111632143565,29.016594673834977,2.583550983194552,487.249663224457,500.8104034695201,0.6909117625450004,,-0.06534601419506197,0.024023136879707013,1754.8456091261653,123.79794252074456
BGD.3.1.23.2_1,Dumni,Khilkhet,Dhaka,0.2759285939426014,0.1549137401361868,-0.2759285939426014,28.74309745888961,2.1562140322185974,487.249663224457,472.1035817293867,0.1592761580697548,,-0.05313876374393054,-0.020765973445855353,397.5884137216835,108.18233494013882
BGD.3.1.23.1_1,Dakshinkhan (part),Khilkhet,Dhaka,0.3402071363636433,0.1765930421735417,-0.3402071363636433,28.20419112028654,2.2911906333365573,487.249663224457,538.4816784124263,0.1606917557699415,,-0.06732276920112071,-0.002160755719555696,591.2676809524728,111.98764952158533
BGD.3.1.7.1_1,Dakshinkhan (Part),Dakshinkhan,Dhaka,0.321528650027729,0.1617117053392722,-0.321528650027729,28.17431886438266,2.219732482795421,87.22469014089181,328.0818675966104,0.5898250878509101,,-0.07734687982954538,0.025277630264562565,2162.556830134832,107.39221298968648
BGD.3.1.45.1_1,Uttar Khan,Uttar Khan,Dhaka,0.4882716253603539,0.2515788007915792,-0.4882716253603539,27.05556264195373,2.567796696988978,487.249663224457,551.5475402085412,0.1849687909679691,,-0.09728578234023887,0.0044886815162696395,787.9580365378514,107.72777198537479
BGD.3.1.4.2_1,Ward No-01,Biman Bandar,Dhaka,0.1530661785176822,0.0817481467257375,-0.1530661785176822,29.67043221515158,2.3649384570844245,246.75923317357115,94.78590076327778,0.9989130434782608,,-0.08779065546225012,0.050819455753512606,1336.7192624345607,247.1591463075154
BGD.3.1.46.1_1,Ward No-01,Uttara,Dhaka,0.2023798542817408,0.1012487314307124,-0.2023798542817408,28.92306695849573,2.553088019035546,390.4999453094729,225.10974512754265,0.874462402100593,,-0.053532655267531724,0.012824821289310609,1938.4968353972827,181.16089182412526
BGD.3.1.10.6_1,Dhamrai,Dhamrai,Dhaka,0.4564491979173972,0.2386374305651039,-0.4564491979173972,26.899630400608693,2.913856454164236,2.7694647131964216,155.64264407015875,0.0427034105790582,,-0.13028802515133278,0.04563062784100962,477.96616222915287,65.68038380206711
BGD.3.1.10.8_1,Gangutia,Dhamrai,Dhaka,0.5200295291352665,0.2701969472095394,-0.5200295291352665,27.215478531391263,2.257545005235854,16.863416480029233,10.280808861362038,0.0484674721824015,,-0.13931527050369283,-0.09381607858516301,0.0,0.0
BGD.3.1.10.14_1,Sanora,Dhamrai,Dhaka,0.5289251408548697,0.2717958491330003,-0.5289251408548697,26.749406995876942,2.4181670625100096,14.229713250548526,8.212406605493857,0.0150165208592637,,-0.1376252482729186,-0.08373669897004177,0.0,0.0
BGD.3.1.10.4_1,Bhararia,Dhamrai,Dhaka,0.4334924708938571,0.2202607190025926,-0.4334924708938571,26.7703151955662,2.419101508913575,487.249663224457,113.85322717560052,0.014154710991133,,-0.1229934260553786,-0.03832991246942834,209.887096308563,43.27894313504314
BGD.3.1.10.11_1,Kushura,Dhamrai,Dhaka,0.5388176678443859,0.269428315944956,-0.5388176678443859,26.754031143580733,2.314844119645013,9.334833877074894,55.311724982783936,0.0079373030621313,,-0.13698070605773655,-0.09677097998105406,0.0,0.0
BGD.3.1.10.3_1,Balia,Dhamrai,Dhaka,0.5604135902370068,0.2784134330369266,-0.5604135902370068,26.54240214615017,2.272552543173719,6.195463691636865,80.48299622340923,0.0065769710140295,,-0.1294700822935427,-0.08494126625195884,0.0,0.0
BGD.3.1.10.1_1,Amta,Dhamrai,Dhaka,0.544734724831455,0.2705971658671554,-0.544734724831455,26.559542058379456,2.275093541784309,15.242482521932876,7.93617685196213,0.0117391353566455,,-0.11710405806038092,-0.10119611378012558,0.0,0.0
BGD.3.1.36.11_1,Shimulia,Savar,Dhaka,0.4987578485072357,0.2574908611413728,-0.4987578485072357,27.063487690402575,2.857861291746679,487.249663224457,174.94438482253904,0.0672977021582778,,-0.12964443182074595,-0.049509590941389396,587.7570371575385,74.6550442855889
BGD.3.1.10.2_1,Baisakanda,Dhamrai,Dhaka,0.5433373178846801,0.267443126615356,-0.5433373178846801,26.457853323198236,2.3956955021802244,11.665077969451424,5.006370415726639,0.0019181176871763,,-0.16475817860180914,-0.08845537630427784,0.0,0.0
BGD.3.1.10.9_1,Jadabpur,Dhamrai,Dhaka,0.5812362122565656,0.2875793004226782,-0.5812362122565656,26.612298976812607,2.19589886550275,7.814461865076205,71.44206404398412,0.0012523481527864,,-0.16218297435228704,-0.07703358262841115,0.0,0.0
BGD.3.1.10.5_1,Chauhat,Dhamrai,Dhaka,0.5716727490423975,0.2785224072783818,-0.5716727490423975,26.65017567984281,2.326904497059858,487.249663224457,128.3291246782274,0.6898194697170879,,-0.13850932442920247,-0.0944052693935239,0.0,0.0
