sample_id,NAME_4,NAME_3,google_maps_satellite_link,your_independent_judgment (type: informal / formal),notes_optional,,,,,
W01,Ward No-13,Mirpur,"https://www.google.com/maps/@23.794340,90.365411,16z/data=!3m1!1e3",,,,,,,informal
W02,Ward No-27,Sabujbagh,"https://www.google.com/maps/@23.741950,90.434970,16z/data=!3m1!1e3",,,,,,,informal
W03,Ward No-69,Bangshal,"https://www.google.com/maps/@23.720248,90.403212,16z/data=!3m1!1e3",,,,,,,informal
W04,Ward No-46 (Part),Hazaribagh,"https://www.google.com/maps/@23.750588,90.348140,16z/data=!3m1!1e3",,,,,,,formal
W05,Savar Paurashava,Savar,"https://www.google.com/maps/@23.846419,90.260319,16z/data=!3m1!1e3",,,,,,,formal
W06,Ward No-30,Sabujbagh,"https://www.google.com/maps/@23.723444,90.432948,16z/data=!3m1!1e3",,,,,,,informal
W07,Ward No-38 (Part),Tejgaon Ind. Area,"https://www.google.com/maps/@23.769969,90.398726,16z/data=!3m1!1e3",,,,,,,informal
W08,Ward No-89,Kadamtali,"https://www.google.com/maps/@23.692145,90.440648,16z/data=!3m1!1e3",,,,,,,informal
W09,Ward No-19,Gulshan,"https://www.google.com/maps/@23.790424,90.412123,16z/data=!3m1!1e3",,,,,,,formal
W10,Ward No-53,Ramna,"https://www.google.com/maps/@23.743493,90.405397,16z/data=!3m1!1e3",,,,,,,formal
W11,Ward No-56 (Part),Lalbagh,"https://www.google.com/maps/@23.725029,90.393556,16z/data=!3m1!1e3",,,,,,,informal
W12,Kalindi,Keraniganj,"https://www.google.com/maps/@23.701035,90.366880,16z/data=!3m1!1e3",,,,,,,formal
W13,Ward No-05,Pallabi,"https://www.google.com/maps/@23.817880,90.375317,16z/data=!3m1!1e3",,,,,,,informal
W14,Ward No-18,Gulshan,"https://www.google.com/maps/@23.801350,90.420696,16z/data=!3m1!1e3",,,,,,,formal 
W15,Ward No-48 (Part),Dhanmondi,"https://www.google.com/maps/@23.738562,90.370172,16z/data=!3m1!1e3",,,,,,,formal
W16,Bakshanagar,Nawabganj,"https://www.google.com/maps/@23.641030,90.175939,16z/data=!3m1!1e3",,,,,,,informal
W17,Ward No-63 (Part),Bangshal,"https://www.google.com/maps/@23.720930,90.399756,16z/data=!3m1!1e3",,,,,,,informal
W18,Ward No-71 (Part),Kotwali,"https://www.google.com/maps/@23.713654,90.408756,16z/data=!3m1!1e3",,,,,,,informal
W19,Dhamrai Paurashava,Dhamrai,"https://www.google.com/maps/@23.913803,90.214238,16z/data=!3m1!1e3",,,,,,,informal
W20,Ward No-39,Tejgaon,"https://www.google.com/maps/@23.756987,90.392472,16z/data=!3m1!1e3",,,,,,,informal
W21,Muksudpur,Dohar,"https://www.google.com/maps/@23.550653,90.172777,16z/data=!3m1!1e3",,,,,,,formal
W22,Ward No-12,Mirpur,"https://www.google.com/maps/@23.792320,90.354737,16z/data=!3m1!1e3",,,,,,,informal
W23,Pathalia(part),Savar,"https://www.google.com/maps/@23.898223,90.251873,16z/data=!3m1!1e3",,,,,,,informal
W24,Ward No-51(part),Mohammadpur,"https://www.google.com/maps/@23.755441,90.379153,16z/data=!3m1!1e3",,,,,,,informal
W25,Ward No-78,Sutrapur,"https://www.google.com/maps/@23.710541,90.414461,16z/data=!3m1!1e3",,,,,,,informal
W26,Ward No-10,Darus Salam,"https://www.google.com/maps/@23.784934,90.349461,16z/data=!3m1!1e3",,,,,,,formal
W27,Ward No-49,Dhanmondi,"https://www.google.com/maps/@23.746090,90.375211,16z/data=!3m1!1e3",,,,,,,formal
W28,Ward No-34,Motijheel,"https://www.google.com/maps/@23.742767,90.422681,16z/data=!3m1!1e3",,,,,,,formal
W29,Kalakopa,Nawabganj,"https://www.google.com/maps/@23.649904,90.152864,16z/data=!3m1!1e3",,,,,,,informal
W30,Ward No-20 (Part),Tejgaon Ind. Area,"https://www.google.com/maps/@23.775265,90.398245,16z/data=!3m1!1e3",,,,,,,formal
W31,Ward No-74,Sutrapur,"https://www.google.com/maps/@23.718607,90.413782,16z/data=!3m1!1e3",,,,,,,informal
W32,Ward No-20 (Part),Gulshan,"https://www.google.com/maps/@23.778605,90.405268,16z/data=!3m1!1e3",,,,,,,formal
W33,Ward No-43,Adabor,"https://www.google.com/maps/@23.771580,90.353664,16z/data=!3m1!1e3",,,,,,,formal
W34,Ward No-68 (Part),Kotwali,"https://www.google.com/maps/@23.711147,90.404692,16z/data=!3m1!1e3",,,,,,,informal
W35,Ward No-71 (Part),Bangshal,"https://www.google.com/maps/@23.715763,90.408846,16z/data=!3m1!1e3",,,,,,,informal
W36,Ward No-75,Sutrapur,"https://www.google.com/maps/@23.719513,90.423264,16z/data=!3m1!1e3",,,,,,,formal
W37,Kailail,Nawabganj,"https://www.google.com/maps/@23.682828,90.246720,16z/data=!3m1!1e3",,,,,,,formal
W38,Ward No-14 (part),Mirpur,"https://www.google.com/maps/@23.796249,90.371105,16z/data=!3m1!1e3",,,,,,,informal
W39,Ward No-45,Mohammadpur,"https://www.google.com/maps/@23.762581,90.368208,16z/data=!3m1!1e3",,,,,,,formal
W40,Ward No-98 (Rest. Area),Cantonment,"https://www.google.com/maps/@23.808577,90.402853,16z/data=!3m1!1e3",,,,,,,formal
