GID_4,NAME_4,NAME_3,eo4sd_informal_fraction,prelim_judgment,prelim_reasoning,google_maps_link,judgment_planned_or_not,evidence_notes
BGD.3.1.19.2_1,Ward No-51 (Part),Kalabagan,0.0,formal?,Kalabagan -- established residential/institutional area near Dhanmondi; largely planned plots.,"https://www.google.com/maps/@23.748420,90.382993,1200m/data=!3m1!1e3",,
BGD.3.1.3.2_1,Ward No-66 (Part),Bangshal,0.0,uncertain,"Bangshal -- historic Old Dhaka core; dense but NOT the plotted/planned sense used elsewhere in this study; likely mixed-dense, not 'formal' in this study's definition.","https://www.google.com/maps/@23.711469,90.401048,1200m/data=!3m1!1e3",,
BGD.3.1.21.1_1,Aganagar,Keraniganj,0.0,uncertain,"Keraniganj -- peri-urban across the Buriganga; mixed development, needs local check.","https://www.google.com/maps/@23.699204,90.402260,1200m/data=!3m1!1e3",,
BGD.3.1.13.2_1,Ward No-80 (Part),Gendaria,0.0,uncertain,"Gendaria -- older mixed residential, not clearly planned.","https://www.google.com/maps/@23.709730,90.421303,1200m/data=!3m1!1e3",,
BGD.3.1.4.2_1,Ward No-01,Biman Bandar,0.0,formal?,"Biman Bandar -- airport-adjacent, largely non-residential/institutional land use.","https://www.google.com/maps/@23.858271,90.400992,1200m/data=!3m1!1e3",,
BGD.3.1.32.1_1,Ward No-36,Paltan,0.0040746161711165,formal?,"Paltan -- central administrative/commercial core, largely planned/institutional.","https://www.google.com/maps/@23.734939,90.413797,1200m/data=!3m1!1e3",,
BGD.3.1.6.1_1,Ward No-63 (Part),Chak Bazar,0.0065293261253699,uncertain,"Chak Bazar -- Old Dhaka, dense historic fabric, not plotted-formal.","https://www.google.com/maps/@23.722607,90.394879,1200m/data=!3m1!1e3",,
BGD.3.1.26.1_1,Ward No-07 (Part),Mirpur,0.019300571236005,uncertain,Mirpur -- very mixed; has both planned sections (e.g. Mirpur DOHS-adjacent) and dense informal pockets; needs specific sub-area check.,"https://www.google.com/maps/@23.805946,90.359681,1200m/data=!3m1!1e3",,
BGD.3.1.21.12_1,Zinjira,Keraniganj,0.0199936240486917,uncertain,"Keraniganj -- peri-urban, mixed.","https://www.google.com/maps/@23.705717,90.390024,1200m/data=!3m1!1e3",,
BGD.3.1.6.5_1,Ward No-67 (Part),Chak Bazar,0.0331859090176381,uncertain,"Chak Bazar -- Old Dhaka, dense historic fabric.","https://www.google.com/maps/@23.717732,90.397658,1200m/data=!3m1!1e3",,
BGD.3.1.33.2_1,Ward No-54,Ramna,0.0380048237131791,formal?,"Ramna -- central administrative/diplomatic/park zone, strongly planned.","https://www.google.com/maps/@23.751172,90.403146,1200m/data=!3m1!1e3",,
BGD.3.1.35.5_1,Ward No-29,Sabujbagh,0.0382663113784999,uncertain,"Sabujbagh -- mixed residential, needs check.","https://www.google.com/maps/@23.729841,90.432138,1200m/data=!3m1!1e3",,
BGD.3.1.13.1_1,Ward No-76 (Part),Gendaria,0.0401375513170438,uncertain,Gendaria -- older mixed residential.,"https://www.google.com/maps/@23.713606,90.422315,1200m/data=!3m1!1e3",,
BGD.3.1.22.3_1,Ward No-24,Khilgaon,0.047285208308349,uncertain,"Khilgaon -- mixed, some informal pockets historically documented.","https://www.google.com/maps/@23.749658,90.425408,1200m/data=!3m1!1e3",,
BGD.3.1.33.3_1,Ward No-55,Ramna,0.0571580394115227,formal?,Ramna -- central administrative/diplomatic/park zone.,"https://www.google.com/maps/@23.755426,90.411007,1200m/data=!3m1!1e3",,
BGD.3.1.34.2_1,Ward No-23,Rampura,0.0714652349926076,uncertain,"Rampura -- mixed, includes some planned pockets (e.g. near Banasree) and older unplanned fabric.","https://www.google.com/maps/@23.754548,90.420312,1200m/data=!3m1!1e3",,
BGD.3.1.34.1_1,Ward No-22,Rampura,0.0742672660247895,uncertain,Rampura -- mixed.,"https://www.google.com/maps/@23.763068,90.420893,1200m/data=!3m1!1e3",,
BGD.3.1.19.1_1,Ward No-50,Kalabagan,0.0752036565793248,formal?,Kalabagan -- established residential area near Dhanmondi.,"https://www.google.com/maps/@23.745896,90.388869,1200m/data=!3m1!1e3",,
BGD.3.1.4.1_1,Dakshinkhan (part),Biman Bandar,0.0873847093534599,informal?,"Peripheral, rapidly urbanizing area historically associated with unplanned growth.","https://www.google.com/maps/@23.850043,90.415710,1200m/data=!3m1!1e3",,
BGD.3.1.39.2_1,Ward No-41,Sher-e-bangla Nagar,0.0889173456475371,formal?,"Sher-e-Bangla Nagar -- national parliament/administrative zone, strongly planned.","https://www.google.com/maps/@23.778995,90.371664,1200m/data=!3m1!1e3",,
BGD.3.1.31.1_1,Ward No-02,Pallabi,0.0893303512729122,uncertain,"Pallabi -- mixed, includes Mirpur DOHS vicinity (planned) and dense unplanned areas.","https://www.google.com/maps/@23.830308,90.368654,1200m/data=!3m1!1e3",,
BGD.3.1.13.3_1,Ward No-81,Gendaria,0.0893620441999624,uncertain,Gendaria -- older mixed residential.,"https://www.google.com/maps/@23.705268,90.423078,1200m/data=!3m1!1e3",,
BGD.3.1.2.5_1,Ward No-17 (Part),Badda,0.0922791269103154,uncertain,"Badda -- rapidly urbanizing, historically mixed formal/informal.","https://www.google.com/maps/@23.817774,90.428411,1200m/data=!3m1!1e3",,
BGD.3.1.26.2_1,Ward No-11,Mirpur,0.0967224262970467,uncertain,"Mirpur -- mixed, needs sub-area check.","https://www.google.com/maps/@23.783789,90.360264,1200m/data=!3m1!1e3",,
BGD.3.1.18.1_1,Ward No-04,Kafrul,0.1007678607516859,uncertain,"Kafrul -- mixed, includes cantonment-adjacent planned pockets and other unplanned areas.","https://www.google.com/maps/@23.805202,90.382110,1200m/data=!3m1!1e3",,
BGD.3.1.13.4_1,Ward No-82,Gendaria,0.1109517487200057,uncertain,Gendaria -- older mixed residential.,"https://www.google.com/maps/@23.700145,90.422065,1200m/data=!3m1!1e3",,
BGD.3.1.23.3_1,Ward No-17 (Part),Khilkhet,0.1327964060922519,uncertain,"Khilkhet -- rapidly urbanizing periphery, mixed.","https://www.google.com/maps/@23.830100,90.425390,1200m/data=!3m1!1e3",,
BGD.3.1.31.2_1,Ward No-03,Pallabi,0.1754630847204134,uncertain,Pallabi -- mixed.,"https://www.google.com/maps/@23.812036,90.372829,1200m/data=!3m1!1e3",,
BGD.3.1.8.1_1,Ward No-09,Darus Salam,0.1843372211951309,uncertain,"Darus Salam -- mixed, includes some informal riverside settlement historically.","https://www.google.com/maps/@23.783261,90.341261,1200m/data=!3m1!1e3",,
BGD.3.1.2.6_1,Ward No-21,Badda,0.2036874975099147,uncertain,"Badda -- rapidly urbanizing, historically mixed.","https://www.google.com/maps/@23.778140,90.423552,1200m/data=!3m1!1e3",,
BGD.3.1.22.5_1,Ward No-26,Khilgaon,0.2127942997905086,uncertain,"Khilgaon -- mixed, some informal pockets historically documented.","https://www.google.com/maps/@23.757961,90.437283,1200m/data=!3m1!1e3",,
BGD.3.1.1.2_1,Ward No-46,Adabor,0.2232427702336081,uncertain,"Adabor -- mixed, includes some unplanned riverside growth.","https://www.google.com/maps/@23.764674,90.352057,1200m/data=!3m1!1e3",,
BGD.3.1.20.1_1,Sultanganj,Kamrangir Char,0.5534209672151886,informal,Kamrangir Char -- one of Dhaka's most extensively documented dense informal settlements; EO4SD fraction (55%) strongly corroborates.,"https://www.google.com/maps/@23.711545,90.371769,1200m/data=!3m1!1e3",,
